Indicator Name,1960,1961,1962,1963,1964,1965,1966,1967,1968,1969,1970,1971,1972,1973,1974,1975,1976,1977,1978,1979,1980,1981,1982,1983,1984,1985,1986,1987,1988,1989,1990,1991,1992,1993,1994,1995,1996,1997,1998,1999,2000,2001,2002,2003,2004,2005,2006,2007,2008,2009,2010,2011,2012,2013,2014,2015,2016,2017,2018,2019
0-14岁的人口总数,265641893.0,263302831.0,268188604.0,278443818.0,287297670.0,294501997.0,304216738.0,310976161.0,316601067.0,323033758.0,330658357.0,340015460.0,348297760.0,355789052.0,361683794.0,365103747.0,365617362.0,364299712.0,361610403.0,357715831.0,352611901.0,345762315.0,339804660.0,333897749.0,327940857.0,323050142.0,321493844.0,321547481.0,322714350.0,323955099.0,324546177.0,328581656.0,328596758.0,326580984.0,325280651.0,325698399.0,320435561.0,319849182.0,320906193.0,319203340.0,312993544.0,307972185.0,298071840.0,285390312.0,273788404.0,265351992.0,258543763.0,254375415.0,252408571.0,251102769.0,249615182.0,248796397.0,248118129.0,247587326.0,247401658.0,247557811.0,248085474.0,248682677.0,248978380.0,
"0-14岁的人口总数,女性",128742751.0,127703225.0,130088181.0,135024830.0,139280249.0,142770989.0,147568260.0,150989170.0,153897508.0,157188381.0,161012345.0,165649828.0,169683201.0,173280825.0,176106527.0,177762653.0,177936445.0,177295760.0,176023514.0,174136328.0,171603402.0,168229079.0,165222428.0,162201268.0,159168254.0,156690365.0,155840776.0,155795399.0,156304545.0,156836535.0,157022066.0,158814692.0,158618771.0,157408832.0,156540710.0,156516542.0,153650418.0,153106336.0,153383966.0,152301605.0,148992248.0,146324241.0,141229335.0,134759753.0,128842766.0,124515677.0,120968813.0,118755002.0,117654622.0,116902419.0,116082228.0,115569591.0,115173513.0,114884313.0,114784041.0,114866193.0,115187439.0,115538030.0,115760315.0,
0-14岁的人口（占总人口的百分比）,39.82219154,39.87443109,40.28247053,40.80749463,41.13920139,41.17843597,41.36751946,41.21345975,40.87759576,40.58085584,40.40722181,40.42485299,40.40436644,40.34163914,40.17146595,39.84130716,39.28475934,38.61336383,37.81882863,36.91578799,35.93552009,34.78896604,33.68972365,32.62918856,31.62933546,30.73623671,30.13656329,29.66209407,29.29425946,28.95946889,28.58971685,28.55295159,28.20645666,27.71299209,27.29242309,27.0321656,26.31806172,26.00241299,25.83921003,25.48051586,24.78872081,24.21450525,23.27958761,22.15075383,21.12442601,20.35344954,19.72080998,19.30179151,19.05466487,18.86203814,18.65995728,18.50984628,18.36966372,18.24008942,18.13436185,18.05383606,17.99461609,17.9373611,17.87700275,
15 岁（含）以上女性就业人口比率（百分比）,,,,,,,,,,,,,,,,,,,,,,,,,,,,,,,,71.55899811,71.4489975,71.14299774,70.875,70.6289978,70.34999847,70.02999878,69.73200226,69.33699799,68.97399902,67.88600159,66.80000305,65.69100189,64.91500092,64.15799713,63.54299927,63.02299881,62.33499908,61.75400162,61.29000092,61.09199905,60.87400055,60.65999985,60.41899872,60.11199951,59.80500031,59.48799896,58.91699982,58.32300186
15 岁（含）以上总就业人口比率（百分比）,,,,,,,,,,,,,,,,,,,,,,,,,,,,,,,,77.15000153,77.08699799,76.79000092,76.54499817,76.32900238,76.06500244,75.75299835,75.46900177,75.05500031,74.66899872,73.58499908,72.50800323,71.40899658,70.73300171,70.07700348,69.58399963,69.19200134,68.57299805,68.09300232,67.77899933,67.59999847,67.3710022,67.17500305,66.95300293,66.67900085,66.42099762,66.16400146,65.68399811,65.1760025
15 岁（含）以上男性就业人口比率（百分比）,,,,,,,,,,,,,,,,,,,,,,,,,,,,,,,,82.48600006,82.47000122,82.18499756,81.96600342,81.78199768,81.53700256,81.23899841,80.97100067,80.54299927,80.13899994,79.05799866,77.99099731,76.90299988,76.32299805,75.76300049,75.38800049,75.1190033,74.56500244,74.18000031,74.00800323,73.84500122,73.60399628,73.4260025,73.22000122,72.97599792,72.76300049,72.56099701,72.16799927,71.73999786
15-24 岁女性就业人口比率（百分比）,,,,,,,,,,,,,,,,,,,,,,,,,,,,,,,,75.59700012,74.89199829,73.76300049,72.66500092,71.5530014,70.27899933,68.81600189,67.30899811,65.56700134,63.92399979,61.17699814,58.56000137,56.07899857,54.43899918,53.00400162,51.98300171,51.30799866,50.37099838,49.49300003,48.57600021,47.72700119,46.72800064,45.48199844,44.21699905,42.98199844,41.90000153,41.3429985,40.66600037,40.01300049
15-24 岁总就业人口比率（百分比）,,,,,,,,,,,,,,,,,,,,,,,,,,,,,,,,74.3789978,73.85800171,72.86299896,71.90599823,70.93199921,69.77600098,68.41100311,67.00700378,65.34600067,63.81299973,61.1269989,58.59899902,56.22600174,54.80400085,53.58800125,52.81100082,52.38100052,51.60300064,50.89500046,50.18000031,49.36500168,48.22299957,46.85100174,45.43700027,44.09999847,42.93099976,42.21500015,41.46500015,40.75099945
15-24 岁男性就业人口比率（百分比）,,,,,,,,,,,,,,,,,,,,,,,,,,,,,,,,73.22000122,72.87599945,72.00900269,71.18699646,70.34500122,69.3010025,68.02899933,66.72200012,65.13800049,63.70800018,61.08000183,58.63600159,56.36399841,55.14699936,54.13499832,53.58599854,53.38100052,52.74399948,52.18899918,51.65399933,50.86199951,49.58100128,48.0870018,46.52999878,45.09600067,43.84400177,42.98500061,42.16699982,41.39699936
15-24岁人口的劳动力参与率，总量（%）,,,,,,,,,,,,,,,,,,,,,,,,,,,,,,,78.33100128,77.83300018,77.34300232,76.82299805,76.19599915,75.39600372,74.40000153,73.17900085,71.74900055,70.18399811,68.57700348,66.47299957,64.33000183,62.30799866,60.5909996,59.25400162,58.26800156,57.66899872,57.23400116,56.62200165,55.61899948,54.7859993,53.73899841,52.31499863,50.83300018,49.41899872,48.04999924,47.16899872,46.3769989,45.60599899
15-64岁的人口总数,376823164.0,372520588.0,373118860.0,379332695.0,386528523.0,396196818.0,405508463.0,416669512.0,429726357.0,443537016.0,456985978.0,468991340.0,480278464.0,491368033.0,502557702.0,513861540.0,526008005.0,538475659.0,552194383.0,567184356.0,582756908.0,600164693.0,618735725.0,637261940.0,654846220.0,672180280.0,687782548.0,703389691.0,718310123.0,732531057.0,746726066.0,756677632.0,768952440.0,782325624.0,794860325.0,805367614.0,820493214.0,831124788.0,839669246.0,849907147.0,863641938.0,875614116.0,891647554.0,909846945.0,926808358.0,940817540.0,952765169.0,961863202.0,968715052.0,974558542.0,980077454.0,984319837.0,988398458.0,991985917.0,994542472.0,995702268.0,995434082.0,994288090.0,991653198.0,
15-64岁的人口总数，女性,180293041.0,178347124.0,178803598.0,181991201.0,185645080.0,190443134.0,194997098.0,200379260.0,206620629.0,213205256.0,219622356.0,225377007.0,230829099.0,236210190.0,241627448.0,247071988.0,253013550.0,259044292.0,265654946.0,272923779.0,280552202.0,289102524.0,298302574.0,307527219.0,316270556.0,324829136.0,332549263.0,340225733.0,347545390.0,354545789.0,361579719.0,366620448.0,372815986.0,379561152.0,385889399.0,391205053.0,398840572.0,404231506.0,408564634.0,413704468.0,420537353.0,426535052.0,434515777.0,443537698.0,451912909.0,458795658.0,464685782.0,469131965.0,472434985.0,475208034.0,477787969.0,479768920.0,481601759.0,483142371.0,484143639.0,484432182.0,484052621.0,483214052.0,481610648.0,
15-64岁的人口总数，男性,196530121.0,194173644.0,194315297.0,197341155.0,200882984.0,205753683.0,210510031.0,216288486.0,223104378.0,230331181.0,237363620.0,243615263.0,249450066.0,255157699.0,260929726.0,266789550.0,272992889.0,279429932.0,286538993.0,294260774.0,302204706.0,311063230.0,320434235.0,329735271.0,338575787.0,347351142.0,355233423.0,363164244.0,370765138.0,377985608.0,385146346.0,390057478.0,396136767.0,402764657.0,408970994.0,414162559.0,421652515.0,426893169.0,431104552.0,436202665.0,443104584.0,449078998.0,457131677.0,466309161.0,474895410.0,482021879.0,488079228.0,492730984.0,496279809.0,499350356.0,502289492.0,504550823.0,506796551.0,508843425.0,510398792.0,511270083.0,511381340.0,511073907.0,510042436.0,
15-64岁的人口（占总人口的百分比）,56.48929864,56.41430623,56.04320716,55.59332226,55.34842918,55.39780864,55.1412107,55.22092798,55.48364218,55.71898073,55.84475151,55.75895279,55.71482014,55.71445148,55.81803764,56.07424088,56.51837143,57.07486413,57.75095126,58.53265524,59.39014692,60.38572802,61.34417233,62.27457371,63.15879925,63.95382475,64.47215933,64.88625289,65.20429937,65.48348963,65.78012093,65.75345694,66.00620098,66.38654699,66.69214487,66.84353007,67.38887222,67.56700108,67.60975787,67.84412878,68.39942643,68.84570634,69.63820318,70.61835958,71.50885232,72.16407974,72.67358001,72.98536685,73.12961128,73.20572554,73.26558948,73.23099978,73.17702795,73.0809292,72.89924074,72.61433377,72.20275277,71.71751844,71.20211371,
65岁和65岁以上的人口总数,24604942.0,24506581.0,24462536.0,24558486.0,24528808.0,24486185.0,25674798.0,26904327.0,28182576.0,29454226.0,30670664.0,32098200.0,33453776.0,34782914.0,36108504.0,37429714.0,39059632.0,40679629.0,42360214.0,44104813.0,45866191.0,47957992.0,50089615.0,52150310.0,54037922.0,55809578.0,57513608.0,59097827.0,60605526.0,62163844.0,63912757.0,65520712.0,67420802.0,69533392.0,71694024.0,73788987.0,76621226.0,79101030.0,81359560.0,83624513.0,86009518.0,88263699.0,90680607.0,93162743.0,95478238.0,97550467.0,99711068.0,101646383.0,103531377.0,105598689.0,108012365.0,111013766.0,114178413.0,117806757.0,122325870.0,127959922.0,135145445.0,143424233.0,152098421.0,
65岁和65岁以上的人口总数，女性,14198455.0,14103088.0,14061809.0,14124610.0,14142883.0,14187309.0,14829329.0,15511077.0,16235562.0,16969058.0,17681069.0,18449078.0,19184203.0,19907118.0,20621342.0,21320852.0,22146483.0,22952434.0,23782094.0,24640409.0,25501375.0,26503746.0,27524201.0,28510057.0,29416419.0,30278991.0,31081692.0,31837835.0,32558737.0,33297054.0,34119349.0,34877446.0,35789800.0,36820086.0,37891906.0,38950912.0,40377321.0,41645152.0,42815509.0,43998031.0,45246223.0,46306700.0,47460014.0,48658707.0,49789814.0,50818905.0,51905862.0,52906105.0,53911639.0,55048919.0,56405551.0,58084237.0,59902017.0,61996853.0,64565697.0,67710850.0,71540843.0,75955736.0,80601282.0,
65岁和65岁以上的人口（占总人口的百分比）,3.68850982,3.711262684,3.674322306,3.59918311,3.512369437,3.423755397,3.491269844,3.565612273,3.638762056,3.700163434,3.748026674,3.816194221,3.880813423,3.943909378,4.010496405,4.084451962,4.196869235,4.311772036,4.43022011,4.55155677,4.674332986,4.825305937,4.966104023,5.096237737,5.211865297,5.309938539,5.391277383,5.451653045,5.501441168,5.557041477,5.630162221,5.693591469,5.787342361,5.900460919,6.015432036,6.124304325,6.293066059,6.430585931,6.551032096,6.675355358,6.811852767,6.939788413,7.082209214,7.230886596,7.366721673,7.482470721,7.605610008,7.712841635,7.815723851,7.932236318,8.074453236,8.259153941,8.45330833,8.678981377,8.966397405,9.331830172,9.802631139,10.34512046,10.92088354,
人口增长（年度百分比）,1.832867681,-1.015527787,0.820455549,2.457647404,2.320682987,2.381368103,2.787331838,2.57069762,2.610902626,2.740002106,2.761675566,2.74691555,2.45735693,2.283395364,2.065955013,1.766391782,1.547337973,1.362779476,1.338182338,1.333927954,1.254221052,1.280952344,1.47267476,1.444949695,1.312068761,1.361699118,1.487398929,1.603605087,1.610071086,1.533169996,1.467303211,1.364434008,1.225536228,1.149619431,1.130260632,1.086509151,1.048141514,1.023450024,0.959550406,0.865851393,0.787956593,0.726380638,0.669999568,0.622860936,0.593932815,0.58812499,0.558374367,0.522271866,0.512386932,0.497381401,0.482959689,0.479150454,0.487231118,0.493709634,0.506311592,0.508136747,0.541478512,0.559121331,0.455899679,
人口总数，女性,323234247.0,320153437.0,322953588.0,331140640.0,339068212.0,347401432.0,357394687.0,366879507.0,376753699.0,387362696.0,398315770.0,409475913.0,419696503.0,429398133.0,438355316.0,446155493.0,453096478.0,459292487.0,465460554.0,471700516.0,477656979.0,483835348.0,491049203.0,498238544.0,504855230.0,511798492.0,519471732.0,527858967.0,536408672.0,544679377.0,552721134.0,560312586.0,567224558.0,573790071.0,580322015.0,586672507.0,592868311.0,598982994.0,604764109.0,610004104.0,614775825.0,619165993.0,623205125.0,626956157.0,630545489.0,634130240.0,637560457.0,640793072.0,644001246.0,647159372.0,650275748.0,653422748.0,656677290.0,660023537.0,663493378.0,667009225.0,670780903.0,674707818.0,677972245.0,
人口，女性（占总人口的百分比）,48.45582122,48.4838546,48.50828186,48.53050775,48.55241421,48.57504451,48.59867916,48.62229238,48.64413617,48.66212697,48.67511538,48.68309106,48.68699502,48.6879077,48.68721234,48.68593703,48.68419264,48.68197071,48.67994058,48.67885261,48.67916236,48.68122046,48.68477078,48.68891579,48.6924245,48.69448277,48.69484458,48.69390444,48.69227159,48.69077699,48.68996106,48.68980919,48.69005708,48.69064792,48.69147285,48.69237433,48.69354943,48.69483522,48.69531087,48.69378629,48.6895228,48.68231264,48.67269017,48.66160793,48.65038593,48.64006378,48.63087189,48.62283673,48.61652628,48.61254544,48.61129678,48.6130618,48.6177331,48.62481668,48.63358264,48.64348716,48.6543796,48.66634818,48.67937396,
人口，总数,667070000.0,660330000.0,665770000.0,682335000.0,698355000.0,715185000.0,735400000.0,754550000.0,774510000.0,796025000.0,818315000.0,841105000.0,862030000.0,881940000.0,900350000.0,916395000.0,930685000.0,943455000.0,956165000.0,969005000.0,981235000.0,993885000.0,1008630000.0,1023310000.0,1036825000.0,1051040000.0,1066790000.0,1084035000.0,1101630000.0,1118650000.0,1135185000.0,1150780000.0,1164970000.0,1178440000.0,1191835000.0,1204855000.0,1217550000.0,1230075000.0,1241935000.0,1252735000.0,1262645000.0,1271850000.0,1280400000.0,1288400000.0,1296075000.0,1303720000.0,1311020000.0,1317885000.0,1324655000.0,1331260000.0,1337705000.0,1344130000.0,1350695000.0,1357380000.0,1364270000.0,1371220000.0,1378665000.0,1386395000.0,1392730000.0,
低出生重量婴儿（占出生儿的百分比）,,,,,,,,,,,,,,,,,,,,,,,,,,,,,,,,,,,,,,,,,,,,,,,,,,,,,,,,,,,,
入学率，中学（净百分比）,,,,,,,,,,,,,,,,,,,,,,,,,,,,,,,,,,,,,,,,,,,,,,,,,,,,,,,,,,,,
入学率，中学（占总人数的百分比）,,,,,,,,,,,27.47035027,37.04608917,44.73149872,50.87950134,47.62525177,48.3989296,56.38742065,57.27209854,53.9721489,49.88985062,43.23553085,38.99174881,33.14825821,30.2906208,29.72543907,31.0157795,32.632061,34.71899033,36.24217987,36.47568893,36.7201004,38.98485184,42.09880066,44.97417831,46.59412003,50.35079956,54.85623932,57.4666214,,60.46417999,60.2599,60.08422,60.2845,62.14113,,,71.32845,76.78766,81.71284,85.45141,88.1734,,,,,,,,,
入学率，中学，女生（净百分比）,,,,,,,,,,,,,,,,,,,,,,,,,,,,,,,,,,,,,,,,,,,,,,,,,,,,,,,,,,,,
入学率，中学，女生（占总人数的百分比）,,,,,,,,,,,,,,,,,45.52109146,47.53810883,46.18072891,42.38727951,36.03203964,31.41473007,26.36507034,24.23450089,23.96143913,25.36374092,26.63916969,29.11325073,30.53877068,30.9659996,31.01692009,33.29716873,36.58657074,39.49781036,42.16801834,46.24686813,51.07297897,53.68384933,,,,57.99494,,60.25623,,,70.96915,76.76522,82.26369,86.60894,88.01268,,,,,,,,,
入学率，中学，男生（净百分比）,,,,,,,,,,,,,,,,,,,,,,,,,,,,,,,,,,,,,,,,,,,,,,,,,,,,,,,,,,,,
入学率，中学，男生（占总人数的百分比）,,,,,,,,,,,,,,,,,66.64048004,66.47057343,61.34658051,57.00542831,50.08724976,46.22465134,39.63782883,36.09064865,35.24438858,36.41830826,38.34206009,40.04066849,41.639431,41.67744827,42.09648132,44.34420013,47.29293823,50.13650131,50.76776123,54.22171021,58.42520905,61.03506088,,,,62.04706,,63.90282,,,71.65891,76.80814,81.21425,84.41122,88.31697,,,,,,,,,
入学率，中学，私立（占中学总量的百分比）,,,,,,,,,,,,,,,,,,,,,,,,,,,,,,,,,,,,,,,,,,,,,,,7.48092,8.32112,9.05838,9.59147,9.93984,10.71927,10.98686,9.8304,10.1693,10.6265,11.23508,11.94174,12.82316,
入学率，小学（净百分比）,,,,,,,,,,,,,,,,,,,,,,,,,,,,,,,,,,,,,,,,,,,,,,,,,,,,,,,,,,,,
入学率，小学，女生（净百分比）,,,,,,,,,,,,,,,,,,,,,,,,,,,,,,,,,,,,,,,,,,,,,,,,,,,,,,,,,,,,
入学率，小学，女生（占总数的百分比）,,,,,,,,,,,,,,,99.7021637,108.9667816,112.5371475,108.3009109,102.5364609,100.3278275,100.7516022,101.6263733,100.1294479,99.63011169,100.6260529,105.4429016,112.1760406,117.4104614,119.7948608,120.7677536,120.6399612,118.4450531,116.6632233,113.7686234,111.0568314,108.6255493,105.646492,103.6768494,104.3706818,,,111.83423,,,,,100.56225,100.07257,99.90914,99.12141,98.04289,98.24032,99.19531,99.43689,95.83343,96.44554,98.22966,99.90993,100.8316,
入学率，小学，男生（净百分比）,,,,,,,,,,,,,,,,,,,,,,,,,,,,,,,,,,,,,,,,,,,,,,,,,,,,,,,,,,,,
入学率，小学，男生（占总数的百分比）,,,,,,,,,,,,,,,137.5129547,133.4167938,130.1587067,124.3526917,118.3541489,117.7822495,118.2839127,120.2450333,120.8115311,121.2953568,121.9034805,127.2799683,130.2444763,134.3802948,135.9200745,135.7327881,134.0574493,129.9652252,126.491478,122.7149506,118.6000137,114.710701,110.3499298,107.2195587,107.0744171,,,112.80651,,,,,101.37534,101.26806,101.47706,100.78334,99.77054,99.75012,100.3084,99.67513,95.7645,96.20934,97.7319,98.97126,99.69995,
入学率，小学，私立（占总小学人数的百分比）,,,,,,,,,,,,,,,,,,,,,,,,,,,,,,,,,,,,,,,,,,,,,,,3.57077,3.83716,4.23586,4.63632,4.97806,5.39201,5.70447,6.04681,6.60941,7.02539,7.26986,7.53909,7.99203,
入学率，高等院校（占总人数的百分比）,,,,,,,,,,,0.128209993,,,0.206389993,0.338420004,0.47586,0.565069973,0.637220025,0.70630002,0.966149986,1.130329967,1.781780005,,,2.018429995,2.43659997,2.972229958,3.112570047,3.082060099,2.991960049,2.972559929,2.891459942,2.805660009,2.889689922,3.611409903,4.390140057,4.91531992,5.350110054,5.863930225,6.394279957,7.59041,9.78911,12.62848,15.45268,17.69126,19.087,20.21919,20.52122,20.68412,22.44306,24.19849,25.64785,28.72567,32.43367,42.43073,46.04043,48.01902,49.07326,50.60444,
入学率，高等院校，女生（占总人数的百分比）,,,,,,,,,,,,,,,0.214169994,0.330469996,0.378960013,0.432830006,0.421999991,0.479409993,0.560559988,,,,,,,,,,,,,,2.473449945,,,,,,,,,13.94749,16.58445,18.08854,19.62175,20.28364,20.85634,22.87581,24.95607,26.78327,30.26018,34.55895,45.75697,50.17866,52.7417,53.97915,55.88122,
入学率，高等院校，男生（占总人数的百分比）,,,,,,,,,,,,,,,0.455989987,0.613409996,0.741039991,0.830579996,0.975260019,1.426210046,1.668519974,,,,,,,,,,,,,,4.687489986,,,,,,,,,16.87404,18.73577,20.02829,20.78171,20.74453,20.52263,22.03863,23.49371,24.59831,27.31908,30.50321,39.43411,42.33761,43.81256,44.71566,45.92842,
内科医生（每千人）,,,,,,1.07,0.96,0.94,0.91,0.88,0.86,0.85,0.86,0.89,0.92,0.96,1.0,1.03,,1.12,,1.25,1.3,1.32,1.33,,1.35,1.37,1.47,1.54,1.1056,1.55,1.55,1.55,1.58,1.1672,1.174,1.1892,1.1881,1.2177,1.2426,1.055,1.1208,,,,,,,1.4015,1.4627,1.4733,1.5467,1.6438,1.6989,1.7855,,,,
农村人口,558984648.0,550002064.0,551084460.0,561172774.0,570563019.0,585836641.0,603653090.0,620353282.0,637762514.0,656497738.0,675928190.0,695661123.0,713898765.0,730387430.0,744661478.0,756942270.0,768187399.0,778161684.0,785011465.0,788605339.0,791287529.0,793935216.0,797806157.0,802837860.0,806618745.0,810625110.0,815464944.0,821058949.0,826508924.0,831145763.0,835019382.0,836478966.0,836448460.0,835478607.0,833998460.0,831819843.0,828956742.0,825589438.0,821328874.0,815968942.0,809645853.0,800082679.0,788406300.0,775926016.0,762817902.0,749352182.0,735901746.0,722214159.0,708173810.0,693852712.0,679206337.0,665196496.0,651507733.0,637792141.0,624030741.0,610192900.0,596465626.0,582840458.0,568902350.0,
农村人口 （占总人口的百分比）,83.797,83.292,82.774,82.243,81.701,81.914,82.085,82.215,82.344,82.472,82.6,82.708,82.816,82.816,82.708,82.6,82.54,82.48,82.1,81.383,80.642,79.882,79.098,78.455,77.797,77.126,76.441,75.741,75.026,74.299,73.558,72.688,71.8,70.897,69.976,69.039,68.084,67.117,66.133,65.135,64.123,62.907,61.575,60.224,58.856,57.478,56.132,54.801,53.461,52.12,50.774,49.489,48.235,46.987,45.741,44.5,43.264,42.04,40.848,
农村人口增长（年增长率）,1.243892338,-1.61999785,0.19660514,1.814075081,1.65947928,2.641735514,2.995869754,2.728944681,2.76768535,2.895326925,2.91675944,2.877580693,2.587851705,2.283395281,1.935460378,1.63572658,1.474672353,1.290061014,0.876400013,0.456766888,0.33954107,0.334046363,0.486379094,0.628711884,0.469834594,0.495456908,0.595274324,0.683647432,0.66158062,0.559447167,0.464975035,0.174643831,-0.00364702,-0.116016198,-0.177318685,-0.261567332,-0.344790969,-0.407037131,-0.517399494,-0.654731362,-0.777935943,-1.188186246,-1.470150496,-1.595639068,-1.703783318,-1.781026631,-1.811246341,-1.877489851,-1.963215611,-2.042985048,-2.133474239,-2.084248533,-2.079321369,-2.127683357,-2.181280088,-2.242449489,-2.275352296,-2.310812177,-2.420468943,
农村出生登记完整性（百分比）,,,,,,,,,,,,,,,,,,,,,,,,,,,,,,,,,,,,,,,,,,,,,,,,,,,,,,,,,,,,
出生人口性别比（每1000名男性的女性）,,,1.07,,,,,1.07,,,,,1.07,,,,,1.07,,,,,1.07,,,,,1.08,,,1.104,,1.12,,,,,1.14,,,,,1.16,,,,,1.17,1.166,1.162,1.158,1.154,1.15,1.146,1.142,1.138,1.134,1.13,,
出生时的预期寿命，女性（岁）,45.191,45.497,46.243,47.486,49.194,51.258,53.506,55.727,57.748,59.484,60.898,62.018,62.955,63.799,64.58,65.316,66.015,66.664,67.259,67.804,68.299,68.742,69.132,69.471,69.766,70.023,70.248,70.45,70.637,70.819,71.004,71.2,71.407,71.626,71.858,72.103,72.358,72.617,72.878,73.141,73.405,73.674,73.951,74.237,74.535,74.845,75.17,75.508,75.855,76.208,76.566,76.926,77.284,77.635,77.972,78.288,78.574,78.828,,
出生时的预期寿命，总体（岁）,43.725,44.051,44.783,45.972,47.592,49.549,51.696,53.847,55.843,57.603,59.085,60.303,61.344,62.281,63.134,63.915,64.631,65.278,65.857,66.377,66.844,67.26,67.627,67.949,68.231,68.473,68.673,68.831,68.954,69.054,69.145,69.242,69.355,69.496,69.67,69.885,70.14,70.428,70.737,71.063,71.397,71.732,72.061,72.381,72.689,72.985,73.271,73.553,73.835,74.119,74.409,74.708,75.013,75.321,75.629,75.928,76.21,76.47,,
出生时的预期寿命，男性（岁）,42.433,42.767,43.473,44.596,46.116,47.956,49.992,52.062,54.022,55.794,57.331,58.635,59.77,60.791,61.709,62.532,63.265,63.912,64.481,64.982,65.426,65.823,66.175,66.486,66.761,66.995,67.178,67.306,67.384,67.425,67.446,67.468,67.511,67.592,67.724,67.916,68.173,68.483,68.831,69.207,69.595,69.981,70.351,70.697,71.013,71.297,71.551,71.788,72.017,72.244,72.476,72.72,72.976,73.242,73.517,73.793,74.061,74.315,,
初等教育年限（年）,,,,,,,,,,,5.0,5.0,5.0,5.0,5.0,5.0,5.0,5.0,5.0,5.0,5.0,5.0,5.0,5.0,5.0,5.0,5.0,5.0,5.0,5.0,5.0,5.0,5.0,5.0,5.0,5.0,5.0,5.0,5.0,5.0,5.0,5.0,5.0,5.0,6.0,6.0,6.0,6.0,6.0,6.0,6.0,6.0,6.0,6.0,6.0,6.0,6.0,6.0,6.0,6.0
初等教育，小学生,,,,,,,,,,,100668000.0,105280000.0,112112000.0,125492000.0,135704000.0,144814000.0,150940992.0,150055008.0,146176000.0,146240000.0,146629408.0,146270000.0,143328000.0,139720400.0,135780400.0,135571200.0,133701800.0,131825000.0,128358496.0,125357800.0,123731000.0,122413800.0,121641504.0,122012800.0,124212400.0,128226232.0,131951480.0,136150048.0,139953696.0,,,130132548.0,,,,,108925227.0,107394752.0,105950505.0,103617063.0,101000000.0,99700000.0,99500000.0,97200000.0,93900000.0,94800000.0,97200000.0,99500000.0,101000000.0,
初等教育，小学生（女生所占百分比）,,,,,,,,,,,,,,,40.72982025,43.71677017,45.21171188,45.47198868,45.37065125,44.92887878,44.85731125,44.55733109,43.96350098,43.65776062,43.72663879,43.79779816,44.7729187,45.13536835,45.35546875,45.59413147,45.88130951,46.20001984,46.48611069,46.59838867,46.82221985,47.06758881,47.29827118,47.4991684,47.62997818,,,47.60193,,,,,46.7876,46.63158,46.46546,46.35395,46.23675,46.18944,46.19911,46.33465,46.33884,46.31926,46.33798,46.42197,46.47985,
初等教育，教师,,,,,,,,,,,3487000.0,3612000.0,4095000.0,4398000.0,4679000.0,4944000.0,5203000.0,5289000.0,5226000.0,5226000.0,5381800.0,5499400.0,5580100.0,5504600.0,5424600.0,5369600.0,5376800.0,5413600.0,5433800.0,5501300.0,5543800.0,5581810.0,5532300.0,5526500.0,5551600.0,5611324.0,5664057.0,5735790.0,5793561.0,,,5860316.0,,5778853.0,,,5967878.0,6073666.0,6035510.0,6018780.0,5997393.0,5939088.0,5907896.0,5866510.0,5859672.0,5889014.0,5933119.0,6045682.0,6201651.0,
初等教育，教师 （女性所占百分比）,,,,,,,,,,,,,,,36.3966713,35.72005844,36.29637146,33.25770187,38.55720901,37.83007813,36.59185028,37.07859039,36.32550812,36.28237915,37.00548935,38.98986816,39.5755806,40.376091,40.95291901,41.52473068,42.57188034,43.15446091,43.79190826,44.48566055,45.15634918,45.7971611,46.61040878,47.40134811,48.283741,,,50.63297,,52.90984,,,55.17626,55.54115,56.11092,56.7585,57.55411,58.3616,58.99434,59.87718,60.97638,62.59739,63.99851,65.62148,67.39675,
城镇人口,108085352.0,110327936.0,114685540.0,121162226.0,127791981.0,129348359.0,131746910.0,134196718.0,136747486.0,139527262.0,142386810.0,145443877.0,148131235.0,151552570.0,155688522.0,159452730.0,162497601.0,165293316.0,171153535.0,180399661.0,189947471.0,199949784.0,210823843.0,220472140.0,230206255.0,240414890.0,251325056.0,262976051.0,275121076.0,287504237.0,300165618.0,314301034.0,328521540.0,342961393.0,357836540.0,373035157.0,388593258.0,404485562.0,420606126.0,436766058.0,452999147.0,471767321.0,491993700.0,512473984.0,533257098.0,554367818.0,575118254.0,595670841.0,616481190.0,637407288.0,658498663.0,678933504.0,699187267.0,719587859.0,740239259.0,761027100.0,782199374.0,803554542.0,823827650.0,
城镇人口增长率（年增长率）,4.935494732,2.053595578,3.87367811,5.493641021,5.327343511,1.210542855,1.837351159,1.842403457,1.882928902,2.012395147,2.028735959,2.124291883,1.830831672,2.283395763,2.692479597,2.389015723,1.891572392,1.705832985,3.483945072,5.261370931,5.157283705,5.131868951,5.295666246,4.474842022,4.320433025,4.339047124,4.438100593,4.531582208,4.514830994,4.402632038,4.309678481,4.601685132,4.42511729,4.301547743,4.245840597,4.159637994,4.086051744,4.008285508,3.908078566,3.77008873,3.649252711,4.059565758,4.198001148,4.078403526,3.97537213,3.882472976,3.674728093,3.511255552,3.433957689,3.338102468,3.255365494,3.05606997,2.939542285,2.87600167,2.829482685,2.769551135,2.744069375,2.693540138,2.491628201,
城镇人口（占总人口比例）,16.203,16.708,17.226,17.757,18.299,18.086,17.915,17.785,17.656,17.528,17.4,17.292,17.184,17.184,17.292,17.4,17.46,17.52,17.9,18.617,19.358,20.118,20.902,21.545,22.203,22.874,23.559,24.259,24.974,25.701,26.442,27.312,28.2,29.103,30.024,30.961,31.916,32.883,33.867,34.865,35.877,37.093,38.425,39.776,41.144,42.522,43.868,45.199,46.539,47.88,49.226,50.511,51.765,53.013,54.259,55.5,56.736,57.96,59.152,
大学生人均支出（占人均 GDP 的百分比）,,,,,,,,,,,,,,,,,,,,,,,,,,,,,,,,,,,,,,,,,,,,,,,,,,,,,,,,,,,,
失学儿童，小学,,,,,,,,,,,,,,,,,,,,,,,,,,,,,,,,,,,,,,,,,,,,,,,,,,,,,,,,,,,,
失学女童，小学,,,,,,,,,,,,,,,,,,,,,,,,,,,,,,,,,,,,,,,,,,,,,,,,,,,,,,,,,,,,
失学男童，小学,,,,,,,,,,,,,,,,,,,,,,,,,,,,,,,,,,,,,,,,,,,,,,,,,,,,,,,,,,,,
存款利率 (百分比),,,,,,,,,,,,,,,,,,,,,5.4,5.4,5.76,5.76,5.759999999,7.2,7.2,7.2,8.64,11.34,8.64,7.56,7.56,10.98,10.98,10.98,7.47,5.67,3.78,2.25,2.25,2.25,1.98,1.98,2.25,2.25,2.52,4.14,2.25,2.25,2.75,3.5,3.0,3.0,2.75,1.5,1.5,1.5,1.5,
存活至65岁的女性（占同层人群比例）,36.1245156,36.1748108,36.225106,39.7704574,43.3158088,46.8611602,50.4065116,53.951863,56.0663408,58.1808186,60.2952964,62.4097742,64.524252,65.9016684,67.2790848,68.6565012,70.0339176,71.411334,72.1458272,72.8803204,73.6148136,74.3493068,75.0838,75.5313082,75.9788164,76.4263246,76.8738328,77.321341,77.5804754,77.8396098,78.0987442,78.3578786,78.617013,78.9832248,79.3494366,79.7156484,80.0818602,80.448072,80.8674596,81.2868472,81.7062348,82.1256224,82.54501,83.005911,83.466812,83.927713,84.388614,84.849515,85.3211408,85.7927666,86.2643924,86.7360182,87.207644,87.5392486,87.8708532,88.2024578,88.5340624,88.865667,,
存活至65岁的男性（占同层人群比例）,26.8520766,26.9957058,27.139335,30.9920234,34.8447118,38.6974002,42.5500886,46.402777,48.5664976,50.7302182,52.8939388,55.0576594,57.22138,58.911812,60.602244,62.292676,63.983108,65.67354,66.3671494,67.0607588,67.7543682,68.4479776,69.141587,69.6195732,70.0975594,70.5755456,71.0535318,71.531518,71.5438762,71.5562344,71.5685926,71.5809508,71.593309,72.0112156,72.4291222,72.8470288,73.2649354,73.682842,74.418796,75.15475,75.890704,76.626658,77.362612,77.7312312,78.0998504,78.4684696,78.8370888,79.205708,79.5382404,79.8707728,80.2033052,80.5358376,80.86837,81.3018128,81.7352556,82.1686984,82.6021412,83.035584,,
学校入学率，学前班（占总数的百分比）,,,,,,,,,,,,,,,2.254820108,2.407949924,5.672969818,12.97702026,8.594940186,7.853970051,9.103899956,12.40631962,11.99475002,13.40050983,14.49168015,16.89035034,19.47879028,21.02293015,22.43302917,21.92033005,20.91724014,21.48073006,22.68738937,23.49319077,23.62886047,24.58620071,25.96795082,27.4684391,40.81071091,44.90832138,44.85822,44.70245,40.0533,39.19936,,,42.55637,44.78932,47.09227,50.15158,53.66678,59.92233,68.3507,72.77946,76.07127,78.65605,82.36118,84.79782,88.09341,
学校入学率，学前班，女生（占总数的百分比）,,,,,,,,,,,,,,,,,,,,,,,,,14.2192297,16.19247055,18.92765999,20.5656395,21.67481041,21.11804962,20.06034088,21.09115028,22.06452942,22.86963081,23.00201988,23.90509033,25.29718018,26.75321007,40.11965942,44.32965851,44.0795,44.07704,38.89001,37.94449,,,41.11455,43.14146,45.41913,48.63462,52.29121,58.90279,68.24071,73.03579,76.09639,78.82756,82.54248,85.09948,88.37187,
学校入学率，学前班，男生（占总数的百分比）,,,,,,,,,,,,,,,,,,,,,,,,,14.74812031,17.54726982,19.99757004,21.4532795,23.14624977,22.67433929,21.72172928,21.84589005,23.26989937,24.07493019,24.21203995,25.21747017,26.58695984,28.12335968,41.43294907,45.42152023,45.54516,45.25111,41.07411,40.30394,,,43.81826,46.22478,48.54235,51.4601,54.85113,60.79879,68.44507,72.55974,76.04974,78.50868,82.20493,84.53648,87.85069,
学校入学率，小学（占总数的百分比）,,,,,,,,,,,107.0421677,106.3358307,108.0415115,115.4007492,119.1142426,121.4987564,121.5533981,116.5009689,110.6123276,109.2433014,109.719368,111.1699905,110.754158,110.7784119,111.5861969,116.6951828,121.48349,126.1507111,128.0993958,128.4742126,127.5487823,124.3763809,121.7244873,118.3772278,114.9444885,111.7638168,108.0741577,105.5070877,105.769371,,,112.34159,,,,,100.99328,100.70705,100.74244,100.0061,98.96422,99.04702,99.7911,99.5646,95.79643,96.3186,97.96192,99.40481,100.2227,
小学入学年龄（年）,,,,,,,,,,,7.0,7.0,7.0,7.0,7.0,7.0,7.0,7.0,7.0,7.0,7.0,7.0,7.0,7.0,7.0,7.0,7.0,7.0,7.0,7.0,7.0,7.0,7.0,7.0,7.0,7.0,7.0,7.0,7.0,7.0,7.0,7.0,7.0,7.0,6.0,6.0,6.0,6.0,6.0,6.0,6.0,6.0,6.0,6.0,6.0,6.0,6.0,6.0,6.0,6.0
小学女生与男生的入学比例 (%),,,,,,,,,,,,,,,0.725040019,0.816739976,0.864610016,0.870920002,0.866349995,0.851809978,0.851779997,0.845160007,0.828809977,0.821380019,0.825460017,0.828429997,0.86127001,0.87371999,0.881359994,0.889750004,0.899909973,0.911360025,0.922299981,0.927100003,0.936399996,0.946950018,0.957379997,0.966960013,0.974749982,,,0.99138,,,,,0.99198,0.98819,0.98455,0.98351,0.98268,0.98486,0.9889,0.99761,1.00072,1.00246,1.00509,1.00948,1.01135,
小学女生总入学率（净比例）,,,,,,,,,,,,,,,,,,,,,,,,,,,,,,,,,,,,,,,,,,,,,,,,,,,,,,,,,,,,
小学女生毕业率（相关年龄群体所占比例）,,,,,,,,,,,,,,,,,,,,,,,,,,,,,,,,,,,,,,,,,,,,,,,,,,,,,,,,,,,,
小学师生比例,,,,,,,,,,,28.86952019,29.14728928,27.37778091,28.53388023,29.00278091,29.29085922,29.01037979,28.37114906,27.97090912,27.98316002,27.24542046,26.59745026,25.68556023,25.38248062,25.03049088,25.24790955,24.86643028,24.35070992,23.62223053,22.78693962,22.31880951,21.93083954,21.98751068,22.07777023,22.37416077,22.8513298,23.29627991,23.73693085,24.15677071,,,22.20572,,,,,18.25192,17.68203,17.55452,17.21563,16.84376,16.78841,16.84872,16.85343,16.23079,16.29441,16.54936,16.59383,16.42675,
小学总入学率（净比例）,,,,,,,,,,,,,,,,,,,,,,,,,,,,,,,,,,,,,,,,,,,,,,,,,,,,,,,,,,,,
小学总毕业率，（相关年龄群体所占比例）,,,,,,,,,,,,,,,,,,,,,,,,,,,,,,,,,,,,,,,,,,,,,,,,,,,,,,,,,,,,
小学生人均支出（占人均 GDP 的百分比）,,,,,,,,,,,,,,,,,,,,,,,,,,,,,,,,,,,,,,,,,,,,,,,,,,,,,,,,,,,,
小学男生总入学率（净比例）,,,,,,,,,,,,,,,,,,,,,,,,,,,,,,,,,,,,,,,,,,,,,,,,,,,,,,,,,,,,
小学男生毕业率（相关年龄群体所占比例）,,,,,,,,,,,,,,,,,,,,,,,,,,,,,,,,,,,,,,,,,,,,,,,,,,,,,,,,,,,,
工业女性就业人员（占女性就业的百分比）,,,,,,,,,,,,,,,,,,,,,,,,,,,,,,,,24.50900078,24.81100082,25.66200066,26.46699905,27.28800011,27.85499954,27.77599907,27.43099976,26.89999962,26.56200027,26.17499924,25.78100014,25.84700012,26.53199959,27.14800072,27.77400017,28.0909996,28.22200012,28.37299919,28.58699989,29.04400063,29.05800056,29.40500069,29.7159996,29.31599998,29.14100075,28.79100037,28.2670002,27.75399971
工业就业人员（占就业总数的百分比）,,,,,,,,,,,,,,,,,,,,,,,,,,,,,,,,21.59300041,21.96299934,22.85899925,23.6989994,24.56200027,25.19300079,25.20599937,24.9659996,24.54400063,24.30999947,24.02400017,23.73900032,23.9109993,24.68799973,25.40800095,26.14900017,26.61100006,26.875,27.18899918,27.54299927,28.14800072,28.32299995,28.86700058,29.3560009,29.15500069,29.13999939,28.97900009,28.62000084,28.2689991
工业男性就业人员（占男性就业的百分比）,,,,,,,,,,,,,,,,,,,,,,,,,,,,,,,,19.17900085,19.60700035,20.54199982,21.4109993,22.30900002,22.99300003,23.08300018,22.93099976,22.59799957,22.4489994,22.25099945,22.05999947,22.3220005,23.18099976,23.99200058,24.83399963,25.41699982,25.79400063,26.24200058,26.71299934,27.43700027,27.73999977,28.44099998,29.07099915,29.02799988,29.13999939,29.12700081,28.89599991,28.67000008
年轻女性失业人数（占15-24岁女性劳动力比例）,,,,,,,,,,,,,,,,,,,,,,,,,,,,,,,,3.83100009,3.898999929,4.46999979,4.894999981,5.157999992,5.425000191,5.697999954,5.789000034,6.046999931,6.100999832,7.066999912,7.829999924,8.579999924,8.397000313,8.409999847,8.241000175,8.074000359,8.670999527,8.920999527,8.633999825,8.748000145,9.088000298,9.258999825,9.423000336,9.56499958,9.475000381,9.343000412,9.401000023,9.449000359
年轻男性失业人数（占15-24岁男性劳动力比例）,,,,,,,,,,,,,,,,,,,,,,,,,,,,,,,,5.027999878,5.092000008,5.809999943,6.330999851,6.643000126,6.959000111,7.282999992,7.375999928,7.683000088,7.734000206,8.946000099,9.902000427,10.84000015,10.59599972,10.59399986,10.35999966,10.12699986,10.85000038,11.13300037,10.74300003,10.85299969,11.2489996,11.43000031,11.60700035,11.75800037,11.62800026,11.4630003,11.57699966,11.63500023
年轻群体总失业人数（占15-24岁所有劳动力数量的比例）,,,,,,,,,,,,,,,,,,,,,,,,,,,,,,,,4.43900013,4.506000042,5.15500021,5.631000042,5.921000004,6.215000153,6.515999794,6.609000206,6.893000126,6.947000027,8.041999817,8.909000397,9.76099968,9.550999641,9.562000275,9.36400032,9.168999672,9.840000153,10.11400032,9.777999878,9.894000053,10.26599979,10.44299984,10.61499977,10.76399994,10.65299988,10.50199986,10.5909996,10.64599991
抚养比（占劳动年龄人口的百分比）,77.02467967,77.26000153,78.43375701,79.87771895,80.6736009,80.51255525,81.35256501,81.09076337,80.23330135,79.47205561,79.06785731,79.34339683,79.48545784,79.4866454,79.15355718,78.3350046,76.93361891,75.20847679,73.15732094,70.84480377,68.3780984,65.60204417,63.01466995,60.5791802,58.33106573,56.36281386,55.10570937,54.1158497,53.36412,52.71024884,52.02161163,52.08325862,51.50091727,50.63292878,49.94269591,49.60311031,48.39245227,48.00124094,47.90764398,47.39668968,46.20005635,45.25234082,43.59933981,41.60623466,39.84282606,38.57309665,37.60158774,37.01376633,36.74351372,36.60133718,36.48972288,36.55419199,36.65490765,36.83460387,37.1756399,37.71385735,38.4988746,39.43594557,40.44526875,
护士和助产士（每千人）,,,,,,,,,,,,,,,,,,,,,,,,,,,,,,,0.8269,,,,,0.9031,0.9252,0.9466,0.9565,0.9707,0.9818,1.083,0.9546,0.9637,0.9903,1.0155,1.0672,1.1597,1.2413,1.3643,1.4979,1.6319,1.8054,2.0015,2.1491,2.3073,,,,
教育公共开支总额，总数（占GDP的比例）,,,,,,,,,,,,1.388739944,1.604760051,1.650820017,1.761150002,1.708500028,1.816570044,1.749539971,1.958840013,2.14805007,1.911900043,1.948809981,2.034480095,2.076920033,1.998630047,2.008140087,2.061549902,1.804250002,1.764179945,,,,1.65455997,1.657850027,1.985710025,1.841920018,1.853389978,,1.844329953,1.888039947,,,,,,,,,,,,,,,,,,,,
新生儿死亡数,,,,,,,,,,,,,,,,,,,,,,,,,,,,,,,740335.0,697976.0,649785.0,601451.0,555721.0,515725.0,482442.0,452906.0,425759.0,400623.0,376558.0,346700.0,316942.0,288247.0,261421.0,236454.0,213817.0,193981.0,176367.0,160873.0,147330.0,135028.0,123805.0,113547.0,104048.0,95221.0,86915.0,79312.0,72600.0,
新生儿死亡率 （每千例活产儿）,,,,,,,,,,,,,,,,,,,,,,,,,,,,,,29.5,29.5,29.3,29.0,28.4,27.6,26.6,25.6,24.6,23.5,22.5,21.4,20.0,18.4,16.8,15.3,13.8,12.5,11.3,10.2,9.2,8.4,7.7,7.0,6.4,5.9,5.5,5.0,4.6,4.3,
服务业女性就业人员（占女性就业的百分比）,,,,,,,,,,,,,,,,,,,,,,,,,,,,,,,,18.75099945,19.66500092,20.93700027,22.26399994,23.56299973,24.70400047,25.38699913,25.83099937,26.06299973,26.49300003,26.88699913,27.2840004,28.12899971,29.64599991,31.12400055,32.68299866,34.14199829,35.19200134,36.50099945,37.65999985,39.04899979,40.19100189,41.95100021,43.45600128,44.7140007,45.74100113,46.77099991,47.4980011,48.2140007
服务业就业人员（占就业总数的百分比）,,,,,,,,,,,,,,,,,,,,,,,,,,,,,,,,18.70700073,19.53700066,20.74099922,22.00099945,23.23800087,24.30699921,24.8939991,25.23399925,25.3560009,25.68000031,25.9659996,26.25099945,26.98900032,28.41200066,29.79199982,31.25099945,32.5890007,33.52500153,34.71099854,35.75699997,37.05199814,38.07699966,39.73300171,41.14400101,42.25299835,43.15999985,44.04100037,44.61100006,45.17100143
服务业男性就业人员（占男性就业的百分比）,,,,,,,,,,,,,,,,,,,,,,,,,,,,,,,,18.67099953,19.43099976,20.57799911,21.7840004,22.96999931,23.97900009,24.48699951,24.73999977,24.77099991,25.00699997,25.20599937,25.39999962,26.0529995,27.40299988,28.70800018,30.09000015,31.33699989,32.18600082,33.28099823,34.24399948,35.4659996,36.39899826,37.97499847,39.31499863,40.31000137,41.125,41.89599991,42.35200119,42.80099869
死亡率，5岁以下，女性（每千人活产婴儿）,,,,,,,,,,,,,,,,,,,,,,,,,,,,,,,51.4,,,,,,,,,,34.7,,,,,,,,,,14.7,,,,,10.0,,,8.1,
死亡率，5岁以下，男性（每千人）,,,,,,,,,,,,,,,,,,,,,,,,,,,,,,,55.9,,,,,,,,,,38.8,,,,,,,,,,16.8,,,,,11.4,,,9.1,
死亡率，五岁以下儿童（每千例活产儿）,,,,,,,,,,118.4,112.6,107.0,101.5,95.9,90.4,84.9,79.6,74.5,69.9,65.9,62.5,59.7,57.5,55.8,54.7,54.0,53.8,53.8,53.9,53.9,53.7,53.2,52.2,50.8,49.2,47.4,45.5,43.5,41.4,39.2,36.8,34.2,31.5,28.9,26.3,24.0,21.9,20.1,18.5,17.0,15.8,14.6,13.5,12.5,11.6,10.7,9.9,9.2,8.6,
死亡率，婴幼儿（每千例活产儿）,,,,,,,,,,83.7,80.0,76.4,72.9,69.4,65.9,62.4,59.0,55.7,52.8,50.3,48.0,46.2,44.7,43.5,42.7,42.3,42.1,42.1,42.2,42.2,42.1,41.7,41.0,40.1,38.9,37.7,36.3,34.9,33.5,31.9,30.1,28.2,26.2,24.1,22.2,20.3,18.7,17.2,15.8,14.6,13.6,12.6,11.6,10.8,10.0,9.2,8.5,7.9,7.4,
死亡率，成年人，女性（每千名成年女性）,397.316,396.271,395.226,371.219,347.213,323.206,299.2,275.193,257.75,240.308,222.865,205.422,187.979,179.878,171.778,163.677,155.577,147.476,144.034,140.592,137.15,133.709,130.267,127.03,123.793,120.556,117.319,114.083,112.916,111.749,110.583,109.416,108.249,106.486,104.722,102.958,101.194,99.431,97.72,96.01,94.3,92.589,90.879,89.132,87.384,85.637,83.889,82.142,79.626,77.109,74.593,72.077,69.561,67.867,66.173,64.479,62.785,61.091,,
死亡率，成年人，男性（每千名男性）,499.659,497.798,495.937,459.408,422.879,386.349,349.82,313.291,297.064,280.838,264.612,248.386,232.16,221.847,211.534,201.221,190.908,180.596,177.449,174.302,171.155,168.008,164.861,161.681,158.501,155.321,152.141,148.961,149.47,149.979,150.489,150.998,151.507,150.02,148.533,147.047,145.56,144.073,139.875,135.678,131.48,127.282,123.085,121.86,120.635,119.41,118.185,116.96,115.067,113.174,111.281,109.388,107.496,105.02,102.543,100.067,97.591,95.115,,
男性吸烟率（吸烟男性占所有成年人比例）,,,,,,,,,,,,,,,,,,,,,,,,,,,,,,,,,,,,,,,,,56.0,,,,,53.3,,,,,50.9,50.1,50.1,49.6,49.2,48.7,48.4,,,
男性失业人数（占男性劳动力比例）,,,,,,,,,,,,,,,,,,,,,,,,,,,,,,,,,,,,,,,,,,,,,,,,,,,,,,,,,,,,
男性失业人数（占男性劳动力比例）（模拟劳工组织估计）,,,,,,,,,,,,,,,,,,,,,,,,,,,,,,,,2.65899992,2.65899992,2.990999937,3.211999893,3.322999954,3.434000015,3.54399991,3.54399991,3.654999971,3.654999971,4.208000183,4.650000095,5.092000008,4.980000019,4.979000092,4.867000103,4.755000114,5.085000038,5.193999767,4.972000122,4.972000122,5.081999779,5.080999851,5.080999851,5.079999924,4.968999863,4.857999802,4.877999783,4.892000198
粗出生率（每千人）,20.86,18.02,37.01,43.37,39.14,37.88,35.05,33.96,35.59,34.11,33.43,30.65,29.77,27.93,24.82,23.01,19.91,18.93,18.25,17.82,18.21,20.91,22.28,20.19,19.9,21.04,22.43,23.33,22.37,21.58,21.06,19.68,18.27,18.09,17.7,17.12,16.98,16.57,15.64,14.64,14.03,13.38,12.86,12.41,12.29,12.4,12.09,12.1,12.14,12.13,11.9,11.93,12.1,12.08,12.37,12.07,12.95,12.43,,
粗死亡率（每千人）,25.43,14.24,10.02,10.04,11.5,9.5,8.83,8.43,8.21,8.03,7.6,7.32,7.61,7.04,7.34,7.32,7.25,6.87,6.25,6.21,6.34,6.36,6.6,6.9,6.82,6.78,6.86,6.72,6.64,6.54,6.67,6.7,6.64,6.64,6.49,6.57,6.56,6.51,6.5,6.46,6.45,6.43,6.41,6.4,6.42,6.51,6.81,6.93,7.06,7.08,7.11,7.14,7.15,7.16,7.16,7.11,7.09,7.11,,
经过培训的初等教育教师（占教师总数的比例）,,,,,,,,,,,,,,,,,,,,,,,,,,,,,,,,,,,,,,,,,,,,,,,,,,,,,,,,,,,,
经过培训的女性初等教育教师（占女性教师总数比例）,,,,,,,,,,,,,,,,,,,,,,,,,,,,,,,,,,,,,,,,,,,,,,,,,,,,,,,,,,,,
经过培训的男性初等教育教师（占男性教师总数比例）,,,,,,,,,,,,,,,,,,,,,,,,,,,,,,,,,,,,,,,,,,,,,,,,,,,,,,,,,,,,
肺结核治疗成功率（占登记病例比例）,,,,,,,,,,,,,,,,,,,,,,,,,,,,,,,,,,,,,,,,,93.0,95.0,92.0,93.0,92.0,92.0,92.0,93.0,93.0,94.0,95.0,95.0,95.0,95.0,94.0,94.0,93.0,,,
肺结核病例检出率（百分比，所有形式）,,,,,,,,,,,,,,,,,,,,,,,,,,,,,,,,,,,,,,,,,33.0,35.0,35.0,48.0,64.0,74.0,80.0,85.0,87.0,87.0,87.0,87.0,87.0,87.0,87.0,87.0,87.0,87.0,,
识字率，成人总体（占 15 岁以上人口的百分比）,,,,,,,,,,,,,,,,,,,,,,,65.50508881,,,,,,,,77.78505707,,,,,,,,,,90.92021,,,,,,,,,,95.12448,,,,,,,,96.84089,
识字率，成年女性（占 15 岁以上女性人口的百分比）,,,,,,,,,,,,,,,,,,,,,,,51.1368103,,,,,,,,68.07208252,,,,,,,,,,86.5266,,,,,,,,,,92.71123,,,,,,,,95.15933,
识字率，成年男性（占 15 岁以上男性人口的百分比）,,,,,,,,,,,,,,,,,,,,,,,79.19178009,,,,,,,,87.02497864,,,,,,,,,,95.13525,,,,,,,,,,97.47946,,,,,,,,98.46654,
识字率，青年女性（占 15-24 岁女性人口的百分比）,,,,,,,,,,,,,,,,,,,,,,,82.09922028,,,,,,,,91.45469666,,,,,,,,,,98.50486,,,,,,,,,,99.59304,,,,,,,,99.78338,
识字率，青年总体（占 15-24 岁人口的百分比）,,,,,,,,,,,,,,,,,,,,,,,88.77333832,,,,,,,,94.28147125,,,,,,,,,,98.85873,,,,,,,,,,99.64229,,,,,,,,99.7836,
识字率，青年男性（占 15-24 岁男性人口的百分比）,,,,,,,,,,,,,,,,,,,,,,,95.20854187,,,,,,,,96.97692871,,,,,,,,,,99.19846,,,,,,,,,,99.68962,,,,,,,,99.78379,
超重率，女性（占5岁以下儿童中百分比）,,,,,,,,,,,,,,,,,,,,,,,,,,,,,,,,,,,,,,,,,,,,,,,,,,,,,,,,,,,,
超重率，男性（占5岁以下儿童中百分比）,,,,,,,,,,,,,,,,,,,,,,,,,,,,,,,,,,,,,,,,,,,,,,,,,,,,,,,,,,,,
超重的发生率（占5岁以下儿童的百分比）,,,,,,,,,,,,,,,,,,,,,,,,,,,,,,,,,,,,,,,,,,,,,,,,,,,,,,,,,,,,
高等学院女生与男生的入学比例 (%),,,,,,,,,,,,,,,0.469680011,0.538730025,0.511399984,0.521120012,0.432700008,0.336140007,0.335960001,,,,,,,,,,,,,,0.527670026,,,,,,,,,0.82656,0.88518,0.90315,0.94418,0.97778,1.01626,1.03799,1.06224,1.08883,1.10766,1.13296,1.16034,1.1852,1.2038,1.20716,1.2167,
高等教育，教师 （女性所占百分比）,,,,,,,,,,,,,,,21.59345055,21.25996017,24.39459991,24.68922997,26.76029015,25.39974976,26.22171974,,,,,,,31.85449028,,,,,,,30.19425964,,,,,,,45.37299,45.37291,44.39897,43.57642,42.51567,41.61074,42.50775,43.14436,44.41989,44.65954,45.12578,,,,,,,,
GDP,147000000000.0,123000000000.0,116000000000.0,125000000000.0,147000000000.0,173000000000.0,189000000000.0,179000000000.0,174000000000.0,196000000000.0,228000000000.0,246000000000.0,255000000000.0,276000000000.0,283000000000.0,304000000000.0,299000000000.0,325000000000.0,368000000000.0,410000000000.0,459000000000.0,494000000000.0,537000000000.0,602000000000.0,728000000000.0,910000000000.0,1040000000000.0,1220000000000.0,1520000000000.0,1720000000000.0,1890000000000.0,2200000000000.0,2720000000000.0,3570000000000.0,4860000000000.0,6130000000000.0,7180000000000.0,7970000000000.0,8520000000000.0,9060000000000.0,10000000000000.0,11100000000000.0,12200000000000.0,13700000000000.0,16200000000000.0,18700000000000.0,21900000000000.0,27000000000000.0,31900000000000.0,34900000000000.0,41200000000000.0,48800000000000.0,53900000000000.0,59300000000000.0,64100000000000.0,68600000000000.0,74000000000000.0,82100000000000.0,90000000000000.0,
GDP 增长率（年百分比）,,-27.27,-5.57999999,10.3,18.17999999,16.95,10.65,-5.770000004,-4.099999992,16.94,19.3,7.060000003,3.809999998,7.760000002,2.31,8.72,-1.570000003,7.569999999,11.13416441,7.6,7.80669145,5.172413793,8.93442623,10.83521445,15.13917176,13.44339623,8.93970894,11.6889313,11.23451516,4.185867896,3.907113896,9.294075913,14.21616358,13.86757602,13.05215872,10.94922737,9.928372463,9.230769231,7.837613919,7.667486171,8.491508492,8.33991055,9.130645945,10.03560303,10.11122346,11.39577594,12.71947902,14.23138804,9.654289373,9.399813171,10.63614046,9.55091409,7.859627493,7.768615284,7.299518921,6.90531667,6.736675253,6.757007611,6.6,
