"Year","ID","Name","Poverty Universe","Number in Poverty","90% Confidence Interval","Percent in Poverty","90% Confidence Interval"
"2011","00000","United States","303778193","48452035","48,217,869 to 48,686,201","15.9","15.8 to 16.0"
"2011","01000","Alabama","4687327","896117","879,174 to 913,060","19.1","18.7 to 19.5"
"2011","02000","Alaska","706859","76021","72,599 to 79,443","10.8","10.3 to 11.3"
"2011","04000","Arizona","6336450","1201376","1,176,529 to 1,226,223","19","18.6 to 19.4"
"2011","05000","Arkansas","2856679","550079","538,191 to 561,967","19.3","18.9 to 19.7"
"2011","06000","California","36941941","6121726","6,065,691 to 6,177,761","16.6","16.4 to 16.8"
"2011","08000","Colorado","5002119","669267","654,300 to 684,234","13.4","13.1 to 13.7"
"2011","09000","Connecticut","3471805","373284","361,432 to 385,136","10.8","10.5 to 11.1"
"2011","10000","Delaware","882353","111176","106,446 to 115,906","12.6","12.1 to 13.1"
"2011","11000","District of Columbia","584583","111906","106,789 to 117,023","19.1","18.2 to 20.0"
"2011","12000","Florida","18652058","3178155","3,138,992 to 3,217,318","17","16.8 to 17.2"
"2011","13000","Georgia","9550252","1836715","1,806,754 to 1,866,676","19.2","18.9 to 19.5"
"2011","15000","Hawaii","1338541","161606","154,618 to 168,594","12.1","11.6 to 12.6"
"2011","16000","Idaho","1550079","256257","248,124 to 264,390","16.5","16.0 to 17.0"
"2011","17000","Illinois","12566914","1871484","1,845,497 to 1,897,471","14.9","14.7 to 15.1"
"2011","18000","Indiana","6318952","1001053","983,059 to 1,019,047","15.8","15.5 to 16.1"
"2011","19000","Iowa","2963596","376300","367,232 to 385,368","12.7","12.4 to 13.0"
"2011","20000","Kansas","2786839","383859","373,991 to 393,727","13.8","13.4 to 14.2"
"2011","21000","Kentucky","4238365","809764","794,106 to 825,422","19.1","18.7 to 19.5"
"2011","22000","Louisiana","4445402","910266","894,522 to 926,010","20.5","20.1 to 20.9"
"2011","23000","Maine","1291684","183723","177,833 to 189,613","14.2","13.7 to 14.7"
"2011","24000","Maryland","5685396","581244","566,339 to 596,149","10.2","9.9 to 10.5"
"2011","25000","Massachusetts","6367148","740512","724,241 to 756,783","11.6","11.3 to 11.9"
"2011","26000","Michigan","9656227","1687624","1,667,162 to 1,708,086","17.5","17.3 to 17.7"
"2011","27000","Minnesota","5222572","617185","603,742 to 630,628","11.8","11.5 to 12.1"
"2011","28000","Mississippi","2884231","658232","644,769 to 671,695","22.8","22.3 to 23.3"
"2011","29000","Missouri","5831548","922103","906,489 to 937,717","15.8","15.5 to 16.1"
"2011","30000","Montana","974049","148183","142,865 to 153,501","15.2","14.7 to 15.7"
"2011","31000","Nebraska","1789287","230003","223,029 to 236,977","12.9","12.5 to 13.3"
"2011","32000","Nevada","2684533","423195","410,176 to 436,214","15.8","15.3 to 16.3"
"2011","33000","New Hampshire","1279113","114906","109,339 to 120,473","9","8.6 to 9.4"
"2011","34000","New Jersey","8646604","897916","879,759 to 916,073","10.4","10.2 to 10.6"
"2011","35000","New Mexico","2042517","427340","416,881 to 437,799","20.9","20.4 to 21.4"
"2011","36000","New York","18953964","3043461","3,011,369 to 3,075,553","16.1","15.9 to 16.3"
"2011","37000","North Carolina","9406123","1673627","1,648,911 to 1,698,343","17.8","17.5 to 18.1"
"2011","38000","North Dakota","660484","79124","75,674 to 82,574","12","11.5 to 12.5"
"2011","39000","Ohio","11234064","1836098","1,811,265 to 1,860,931","16.3","16.1 to 16.5"
"2011","40000","Oklahoma","3678912","636083","623,553 to 648,613","17.3","17.0 to 17.6"
"2011","41000","Oregon","3794233","655245","640,576 to 669,914","17.3","16.9 to 17.7"
"2011","42000","Pennsylvania","12328587","1690003","1,665,063 to 1,714,943","13.7","13.5 to 13.9"
"2011","44000","Rhode Island","1009929","148079","142,716 to 153,442","14.7","14.2 to 15.2"
"2011","45000","South Carolina","4538319","852999","836,781 to 869,217","18.8","18.4 to 19.2"
"2011","46000","South Dakota","794847","112258","108,144 to 116,372","14.1","13.6 to 14.6"
"2011","47000","Tennessee","6246368","1148161","1,127,811 to 1,168,511","18.4","18.1 to 18.7"
"2011","48000","Texas","25071118","4627604","4,580,002 to 4,675,206","18.5","18.3 to 18.7"
"2011","49000","Utah","2771350","377396","364,961 to 389,831","13.6","13.2 to 14.0"
"2011","50000","Vermont","601231","71378","68,401 to 74,355","11.9","11.4 to 12.4"
"2011","51000","Virginia","7854277","912779","894,233 to 931,325","11.6","11.4 to 11.8"
"2011","53000","Washington","6687040","931605","912,604 to 950,606","13.9","13.6 to 14.2"
"2011","54000","West Virginia","1802688","336658","327,556 to 345,760","18.7","18.2 to 19.2"
"2011","55000","Wisconsin","5554320","728099","712,464 to 743,734","13.1","12.8 to 13.4"
"2011","56000","Wyoming","554317","62801","59,474 to 66,128","11.3","10.7 to 11.9"
"2012","00000","United States","306086063","48760123","48,528,543 to 48,991,703","15.9","15.8 to 16.0"
"2012","01000","Alabama","4706967","896515","880,205 to 912,825","19","18.7 to 19.3"
"2012","02000","Alaska","715616","77494","74,043 to 80,945","10.8","10.3 to 11.3"
"2012","04000","Arizona","6401276","1195931","1,177,400 to 1,214,462","18.7","18.4 to 19.0"
"2012","05000","Arkansas","2865097","560928","549,034 to 572,822","19.6","19.2 to 20.0"
"2012","06000","California","37303312","6323433","6,274,914 to 6,371,952","17","16.9 to 17.1"
"2012","08000","Colorado","5069069","688715","674,161 to 703,269","13.6","13.3 to 13.9"
"2012","09000","Connecticut","3484176","370537","359,310 to 381,764","10.6","10.3 to 10.9"
"2012","10000","Delaware","890737","113316","108,283 to 118,349","12.7","12.1 to 13.3"
"2012","11000","District of Columbia","598151","112719","107,296 to 118,142","18.8","17.9 to 19.7"
"2012","12000","Florida","18912451","3248276","3,212,223 to 3,284,329","17.2","17.0 to 17.4"
"2012","13000","Georgia","9652654","1852459","1,826,052 to 1,878,866","19.2","18.9 to 19.5"
"2012","15000","Hawaii","1356821","159988","153,828 to 166,148","11.8","11.3 to 12.3"
"2012","16000","Idaho","1565489","250203","242,232 to 258,174","16","15.5 to 16.5"
"2012","17000","Illinois","12573692","1847371","1,823,585 to 1,871,157","14.7","14.5 to 14.9"
"2012","18000","Indiana","6342403","984948","969,517 to 1,000,379","15.5","15.3 to 15.7"
"2012","19000","Iowa","2974222","377110","367,628 to 386,592","12.7","12.4 to 13.0"
"2012","20000","Kansas","2802171","392095","383,225 to 400,965","14","13.7 to 14.3"
"2012","21000","Kentucky","4247112","821067","805,992 to 836,142","19.3","18.9 to 19.7"
"2012","22000","Louisiana","4471146","900395","884,176 to 916,614","20.1","19.7 to 20.5"
"2012","23000","Maine","1293457","186484","180,261 to 192,707","14.4","13.9 to 14.9"
"2012","24000","Maryland","5744439","597705","582,396 to 613,014","10.4","10.1 to 10.7"
"2012","25000","Massachusetts","6414760","762971","747,896 to 778,046","11.9","11.7 to 12.1"
"2012","26000","Michigan","9663758","1677776","1,655,746 to 1,699,806","17.4","17.2 to 17.6"
"2012","27000","Minnesota","5257461","597515","584,948 to 610,082","11.4","11.2 to 11.6"
"2012","28000","Mississippi","2890915","689116","675,487 to 702,745","23.8","23.3 to 24.3"
"2012","29000","Missouri","5838007","945435","928,975 to 961,895","16.2","15.9 to 16.5"
"2012","30000","Montana","980556","153105","148,141 to 158,069","15.6","15.1 to 16.1"
"2012","31000","Nebraska","1800892","230375","223,087 to 237,663","12.8","12.4 to 13.2"
"2012","32000","Nevada","2718582","441373","429,406 to 453,340","16.2","15.8 to 16.6"
"2012","33000","New Hampshire","1280031","123773","117,494 to 130,052","9.7","9.2 to 10.2"
"2012","34000","New Jersey","8691686","934277","918,190 to 950,364","10.7","10.5 to 10.9"
"2012","35000","New Mexico","2044796","421123","411,829 to 430,417","20.6","20.1 to 21.1"
"2012","36000","New York","19064060","3040207","3,009,308 to 3,071,106","15.9","15.7 to 16.1"
"2012","37000","North Carolina","9498969","1706255","1,681,208 to 1,731,302","18","17.7 to 18.3"
"2012","38000","North Dakota","674845","75251","72,056 to 78,446","11.2","10.7 to 11.7"
"2012","39000","Ohio","11227437","1818886","1,797,356 to 1,840,416","16.2","16.0 to 16.4"
"2012","40000","Oklahoma","3699655","636134","625,653 to 646,615","17.2","16.9 to 17.5"
"2012","41000","Oregon","3826419","651302","635,799 to 666,805","17","16.6 to 17.4"
"2012","42000","Pennsylvania","12353852","1688364","1,665,658 to 1,711,070","13.7","13.5 to 13.9"
"2012","44000","Rhode Island","1010452","143625","138,073 to 149,177","14.2","13.7 to 14.7"
"2012","45000","South Carolina","4585462","837327","821,424 to 853,230","18.3","18.0 to 18.6"
"2012","46000","South Dakota","804310","109661","105,709 to 113,613","13.6","13.1 to 14.1"
"2012","47000","Tennessee","6295985","1135205","1,116,022 to 1,154,388","18","17.7 to 18.3"
"2012","48000","Texas","25450524","4565185","4,521,449 to 4,608,921","17.9","17.7 to 18.1"
"2012","49000","Utah","2806006","364124","352,417 to 375,831","13","12.6 to 13.4"
"2012","50000","Vermont","601606","71626","68,589 to 74,663","11.9","11.4 to 12.4"
"2012","51000","Virginia","7936889","936384","918,614 to 954,154","11.8","11.6 to 12.0"
"2012","53000","Washington","6761950","916976","896,261 to 937,691","13.6","13.3 to 13.9"
"2012","54000","West Virginia","1801127","323978","315,059 to 332,897","18","17.5 to 18.5"
"2012","55000","Wisconsin","5573135","738226","725,205 to 751,247","13.2","13.0 to 13.4"
"2012","56000","Wyoming","561478","66879","63,185 to 70,573","11.9","11.2 to 12.6"
"2013","00000","United States","308196783","48810868","48,554,692 to 49,067,044","15.8","15.7 to 15.9"
"2013","01000","Alabama","4716072","889091","873,141 to 905,041","18.9","18.6 to 19.2"
"2013","02000","Alaska","718370","72643","69,056 to 76,230","10.1","9.6 to 10.6"
"2013","04000","Arizona","6477186","1206948","1,184,107 to 1,229,789","18.6","18.2 to 19.0"
"2013","05000","Arkansas","2873346","557399","545,273 to 569,525","19.4","19.0 to 19.8"
"2013","06000","California","37593095","6328064","6,276,939 to 6,379,189","16.8","16.7 to 16.9"
"2013","08000","Colorado","5151496","665351","650,221 to 680,481","12.9","12.6 to 13.2"
"2013","09000","Connecticut","3485349","373387","362,267 to 384,507","10.7","10.4 to 11.0"
"2013","10000","Delaware","900322","115774","109,967 to 121,581","12.9","12.3 to 13.5"
"2013","11000","District of Columbia","611783","115096","109,640 to 120,552","18.8","17.9 to 19.7"
"2013","12000","Florida","19129965","3268130","3,223,891 to 3,312,369","17.1","16.9 to 17.3"
"2013","13000","Georgia","9720922","1849944","1,823,426 to 1,876,462","19","18.7 to 19.3"
"2013","15000","Hawaii","1367661","153375","146,661 to 160,089","11.2","10.7 to 11.7"
"2013","16000","Idaho","1582907","246708","237,342 to 256,074","15.6","15.0 to 16.2"
"2013","17000","Illinois","12576676","1841996","1,815,888 to 1,868,104","14.6","14.4 to 14.8"
"2013","18000","Indiana","6367955","1008411","990,634 to 1,026,188","15.8","15.5 to 16.1"
"2013","19000","Iowa","2991661","377037","367,316 to 386,758","12.6","12.3 to 12.9"
"2013","20000","Kansas","2811674","391718","380,565 to 402,871","13.9","13.5 to 14.3"
"2013","21000","Kentucky","4266545","803044","788,501 to 817,587","18.8","18.5 to 19.1"
"2013","22000","Louisiana","4494987","897284","879,370 to 915,198","20","19.6 to 20.4"
"2013","23000","Maine","1293815","181386","175,125 to 187,647","14","13.5 to 14.5"
"2013","24000","Maryland","5788168","591457","576,662 to 606,252","10.2","9.9 to 10.5"
"2013","25000","Massachusetts","6456504","770922","753,652 to 788,192","11.9","11.6 to 12.2"
"2013","26000","Michigan","9669494","1646038","1,625,685 to 1,666,391","17","16.8 to 17.2"
"2013","27000","Minnesota","5292405","592526","580,125 to 604,927","11.2","11.0 to 11.4"
"2013","28000","Mississippi","2893762","692058","677,339 to 706,777","23.9","23.4 to 24.4"
"2013","29000","Missouri","5861018","928778","910,924 to 946,632","15.8","15.5 to 16.1"
"2013","30000","Montana","990608","159248","153,605 to 164,891","16.1","15.5 to 16.7"
"2013","31000","Nebraska","1815562","234742","227,326 to 242,158","12.9","12.5 to 13.3"
"2013","32000","Nevada","2750482","433267","421,242 to 445,292","15.8","15.4 to 16.2"
"2013","33000","New Hampshire","1281175","115146","108,939 to 121,353","9","8.5 to 9.5"
"2013","34000","New Jersey","8720993","995390","975,579 to 1,015,201","11.4","11.2 to 11.6"
"2013","35000","New Mexico","2045405","437923","427,727 to 448,119","21.4","20.9 to 21.9"
"2013","36000","New York","19133973","3068230","3,034,387 to 3,102,073","16","15.8 to 16.2"
"2013","37000","North Carolina","9588243","1711331","1,687,683 to 1,734,979","17.8","17.6 to 18.0"
"2013","38000","North Dakota","698176","81055","77,449 to 84,661","11.6","11.1 to 12.1"
"2013","39000","Ohio","11248737","1793523","1,767,288 to 1,819,758","15.9","15.7 to 16.1"
"2013","40000","Oklahoma","3735214","624209","613,045 to 635,373","16.7","16.4 to 17.0"
"2013","41000","Oregon","3852906","637505","622,246 to 652,764","16.5","16.1 to 16.9"
"2013","42000","Pennsylvania","12353267","1687854","1,660,532 to 1,715,176","13.7","13.5 to 13.9"
"2013","44000","Rhode Island","1010806","148275","142,320 to 154,230","14.7","14.1 to 15.3"
"2013","45000","South Carolina","4631792","858553","842,448 to 874,658","18.5","18.2 to 18.8"
"2013","46000","South Dakota","815064","114291","109,648 to 118,934","14","13.4 to 14.6"
"2013","47000","Tennessee","6335301","1128618","1,109,156 to 1,148,080","17.8","17.5 to 18.1"
"2013","48000","Texas","25834186","4531427","4,484,570 to 4,578,284","17.5","17.3 to 17.7"
"2013","49000","Utah","2851584","360119","348,648 to 371,590","12.6","12.2 to 13.0"
"2013","50000","Vermont","602556","73947","70,551 to 77,343","12.3","11.7 to 12.9"
"2013","51000","Virginia","8010546","941059","922,345 to 959,773","11.7","11.5 to 11.9"
"2013","53000","Washington","6836264","963088","943,843 to 982,333","14.1","13.8 to 14.4"
"2013","54000","West Virginia","1798289","331674","322,877 to 340,471","18.4","17.9 to 18.9"
"2013","55000","Wisconsin","5593184","753709","740,179 to 767,239","13.5","13.3 to 13.7"
"2013","56000","Wyoming","569330","62118","58,341 to 65,895","10.9","10.2 to 11.6"
"2014","00000","United States","310899910","48208387","47,966,830 to 48,449,944","15.5","15.4 to 15.6"
"2014","01000","Alabama","4727546","905682","888,317 to 923,047","19.2","18.8 to 19.6"
"2014","02000","Alaska","717708","81622","77,611 to 85,633","11.4","10.8 to 12.0"
"2014","04000","Arizona","6573428","1195889","1,175,667 to 1,216,111","18.2","17.9 to 18.5"
"2014","05000","Arkansas","2882846","539999","528,604 to 551,394","18.7","18.3 to 19.1"
"2014","06000","California","38060226","6253423","6,203,456 to 6,303,390","16.4","16.3 to 16.5"
"2014","08000","Colorado","5237165","632987","617,871 to 648,103","12.1","11.8 to 12.4"
"2014","09000","Connecticut","3485626","375281","364,395 to 386,167","10.8","10.5 to 11.1"
"2014","10000","Delaware","909603","118032","113,079 to 122,985","13","12.5 to 13.5"
"2014","11000","District of Columbia","624323","114790","108,967 to 120,613","18.4","17.5 to 19.3"
"2014","12000","Florida","19470220","3231142","3,187,670 to 3,274,614","16.6","16.4 to 16.8"
"2014","13000","Georgia","9823818","1802783","1,775,584 to 1,829,982","18.4","18.1 to 18.7"
"2014","15000","Hawaii","1379800","158266","151,850 to 164,682","11.5","11.0 to 12.0"
"2014","16000","Idaho","1603065","237604","230,083 to 245,125","14.8","14.3 to 15.3"
"2014","17000","Illinois","12571810","1802337","1,778,953 to 1,825,721","14.3","14.1 to 14.5"
"2014","18000","Indiana","6391497","968437","950,798 to 986,076","15.2","14.9 to 15.5"
"2014","19000","Iowa","3004852","368678","358,553 to 378,803","12.3","12.0 to 12.6"
"2014","20000","Kansas","2821429","381506","371,806 to 391,206","13.5","13.2 to 13.8"
"2014","21000","Kentucky","4275418","812803","797,212 to 828,394","19","18.6 to 19.4"
"2014","22000","Louisiana","4518537","898902","882,243 to 915,561","19.9","19.5 to 20.3"
"2014","23000","Maine","1293998","181737","175,900 to 187,574","14","13.5 to 14.5"
"2014","24000","Maryland","5835382","604762","588,802 to 620,722","10.4","10.1 to 10.7"
"2014","25000","Massachusetts","6509684","760211","743,843 to 776,579","11.7","11.4 to 12.0"
"2014","26000","Michigan","9686780","1567465","1,544,878 to 1,590,052","16.2","16.0 to 16.4"
"2014","27000","Minnesota","5332572","607870","594,503 to 621,237","11.4","11.1 to 11.7"
"2014","28000","Mississippi","2895486","634960","621,876 to 648,044","21.9","21.4 to 22.4"
"2014","29000","Missouri","5878633","908394","890,929 to 925,859","15.5","15.2 to 15.8"
"2014","30000","Montana","997959","151915","146,451 to 157,379","15.2","14.7 to 15.7"
"2014","31000","Nebraska","1828140","225054","218,509 to 231,599","12.3","11.9 to 12.7"
"2014","32000","Nevada","2800763","430447","418,251 to 442,643","15.4","15.0 to 15.8"
"2014","33000","New Hampshire","1287504","117822","112,610 to 123,034","9.2","8.8 to 9.6"
"2014","34000","New Jersey","8762155","972441","954,252 to 990,630","11.1","10.9 to 11.3"
"2014","35000","New Mexico","2045506","420388","409,771 to 431,005","20.6","20.1 to 21.1"
"2014","36000","New York","19228484","3082613","3,046,367 to 3,118,859","16","15.8 to 16.2"
"2014","37000","North Carolina","9691813","1663954","1,640,565 to 1,687,343","17.2","17.0 to 17.4"
"2014","38000","North Dakota","712526","79203","75,164 to 83,242","11.1","10.5 to 11.7"
"2014","39000","Ohio","11276366","1778288","1,755,728 to 1,800,848","15.8","15.6 to 16.0"
"2014","40000","Oklahoma","3759494","623162","611,984 to 634,340","16.6","16.3 to 16.9"
"2014","41000","Oregon","3893489","637156","621,361 to 652,951","16.4","16.0 to 16.8"
"2014","42000","Pennsylvania","12371337","1679008","1,656,324 to 1,701,692","13.6","13.4 to 13.8"
"2014","44000","Rhode Island","1015656","149825","144,246 to 155,404","14.8","14.3 to 15.3"
"2014","45000","South Carolina","4691566","838065","822,623 to 853,507","17.9","17.6 to 18.2"
"2014","46000","South Dakota","824377","115906","111,520 to 120,292","14.1","13.6 to 14.6"
"2014","47000","Tennessee","6386629","1165245","1,145,236 to 1,185,254","18.2","17.9 to 18.5"
"2014","48000","Texas","26340274","4519548","4,474,578 to 4,564,518","17.2","17.0 to 17.4"
"2014","49000","Utah","2897763","341587","330,845 to 352,329","11.8","11.4 to 12.2"
"2014","50000","Vermont","601822","72294","68,859 to 75,729","12","11.4 to 12.6"
"2014","51000","Virginia","8080272","955541","936,889 to 974,193","11.8","11.6 to 12.0"
"2014","53000","Washington","6927892","913463","895,355 to 931,571","13.2","12.9 to 13.5"
"2014","54000","West Virginia","1793046","328734","320,351 to 337,117","18.3","17.8 to 18.8"
"2014","55000","Wisconsin","5603483","737307","723,342 to 751,272","13.2","13.0 to 13.4"
"2014","56000","Wyoming","570142","63860","60,264 to 67,456","11.2","10.6 to 11.8"
"2015","00000","United States","313476400","46153077","45,878,016 to 46,428,138","14.7","14.6 to 14.8"
"2015","01000","Alabama","4736374","875853","859,781 to 891,925","18.5","18.2 to 18.8"
"2015","02000","Alaska","720764","74941","71,399 to 78,483","10.4","9.9 to 10.9"
"2015","04000","Arizona","6671708","1159046","1,136,666 to 1,181,426","17.4","17.1 to 17.7"
"2015","05000","Arkansas","2887336","540733","528,756 to 552,710","18.7","18.3 to 19.1"
"2015","06000","California","38398077","5896255","5,844,717 to 5,947,793","15.4","15.3 to 15.5"
"2015","08000","Colorado","5339619","614410","599,548 to 629,272","11.5","11.2 to 11.8"
"2015","09000","Connecticut","3480915","367867","356,084 to 379,650","10.6","10.3 to 10.9"
"2015","10000","Delaware","920351","115655","110,138 to 121,172","12.6","12.0 to 13.2"
"2015","11000","District of Columbia","638024","113185","107,315 to 119,055","17.7","16.8 to 18.6"
"2015","12000","Florida","19850025","3129061","3,091,403 to 3,166,719","15.8","15.6 to 16.0"
"2015","13000","Georgia","9943136","1705831","1,680,084 to 1,731,578","17.2","16.9 to 17.5"
"2015","15000","Hawaii","1394130","149091","143,298 to 154,884","10.7","10.3 to 11.1"
"2015","16000","Idaho","1622106","238646","229,473 to 247,819","14.7","14.1 to 15.3"
"2015","17000","Illinois","12559451","1702210","1,676,981 to 1,727,439","13.6","13.4 to 13.8"
"2015","18000","Indiana","6417433","924428","906,481 to 942,375","14.4","14.1 to 14.7"
"2015","19000","Iowa","3021824","366453","356,824 to 376,082","12.1","11.8 to 12.4"
"2015","20000","Kansas","2830955","366069","355,837 to 376,301","12.9","12.5 to 13.3"
"2015","21000","Kentucky","4290011","786345","770,810 to 801,880","18.3","17.9 to 18.7"
"2015","22000","Louisiana","4541708","885846","868,463 to 903,229","19.5","19.1 to 19.9"
"2015","23000","Maine","1292986","171266","164,985 to 177,547","13.2","12.7 to 13.7"
"2015","24000","Maryland","5863287","583369","568,336 to 598,402","9.9","9.6 to 10.2"
"2015","25000","Massachusetts","6558724","752453","735,323 to 769,583","11.5","11.2 to 11.8"
"2015","26000","Michigan","9698423","1524330","1,502,565 to 1,546,095","15.7","15.5 to 15.9"
"2015","27000","Minnesota","5366578","546499","534,759 to 558,239","10.2","10.0 to 10.4"
"2015","28000","Mississippi","2896612","638919","624,971 to 652,867","22.1","21.6 to 22.6"
"2015","29000","Missouri","5901975","875704","859,879 to 891,529","14.8","14.5 to 15.1"
"2015","30000","Montana","1007722","144634","139,500 to 149,768","14.4","13.9 to 14.9"
"2015","31000","Nebraska","1842687","224696","217,304 to 232,088","12.2","11.8 to 12.6"
"2015","32000","Nevada","2850466","424824","412,817 to 436,831","14.9","14.5 to 15.3"
"2015","33000","New Hampshire","1288048","108293","102,000 to 114,586","8.4","7.9 to 8.9"
"2015","34000","New Jersey","8781579","945989","926,421 to 965,557","10.8","10.6 to 11.0"
"2015","35000","New Mexico","2044455","405364","394,894 to 415,834","19.8","19.3 to 20.3"
"2015","36000","New York","19283863","2985604","2,951,419 to 3,019,789","15.5","15.3 to 15.7"
"2015","37000","North Carolina","9790028","1607249","1,584,462 to 1,630,036","16.4","16.2 to 16.6"
"2015","38000","North Dakota","731319","78613","74,610 to 82,616","10.7","10.2 to 11.2"
"2015","39000","Ohio","11295380","1670487","1,646,455 to 1,694,519","14.8","14.6 to 15.0"
"2015","40000","Oklahoma","3795734","608507","597,199 to 619,815","16","15.7 to 16.3"
"2015","41000","Oregon","3952049","601626","586,548 to 616,704","15.2","14.8 to 15.6"
"2015","42000","Pennsylvania","12385763","1624991","1,600,900 to 1,649,082","13.1","12.9 to 13.3"
"2015","44000","Rhode Island","1016344","143724","137,706 to 149,742","14.1","13.5 to 14.7"
"2015","45000","South Carolina","4750107","796609","779,482 to 813,736","16.8","16.4 to 17.2"
"2015","46000","South Dakota","829616","111697","106,789 to 116,605","13.5","12.9 to 14.1"
"2015","47000","Tennessee","6440331","1077866","1,057,666 to 1,098,066","16.7","16.4 to 17.0"
"2015","48000","Texas","26846185","4255690","4,207,517 to 4,303,863","15.9","15.7 to 16.1"
"2015","49000","Utah","2947857","331233","320,622 to 341,844","11.2","10.8 to 11.6"
"2015","50000","Vermont","600659","62643","59,418 to 65,868","10.4","9.9 to 10.9"
"2015","51000","Virginia","8131331","914226","895,213 to 933,239","11.2","11.0 to 11.4"
"2015","53000","Washington","7036738","860734","842,651 to 878,817","12.2","11.9 to 12.5"
"2015","54000","West Virginia","1793098","322589","313,401 to 331,777","18","17.5 to 18.5"
"2015","55000","Wisconsin","5620187","679937","666,924 to 692,950","12.1","11.9 to 12.3"
"2015","56000","Wyoming","572327","60787","56,709 to 64,865","10.6","9.9 to 11.3"
"2016","00000","United States","315165470","44268996","44,022,086 to 44,515,906","14","13.9 to 14.1"
"2016","01000","Alabama","4741355","814197","796,927 to 831,467","17.2","16.8 to 17.6"
"2016","02000","Alaska","723955","71916","67,813 to 76,019","9.9","9.3 to 10.5"
"2016","04000","Arizona","6771106","1107153","1,086,482 to 1,127,824","16.4","16.1 to 16.7"
"2016","05000","Arkansas","2898653","497388","485,180 to 509,596","17.2","16.8 to 17.6"
"2016","06000","California","38513333","5527621","5,475,835 to 5,579,407","14.4","14.3 to 14.5"
"2016","08000","Colorado","5420315","598378","585,017 to 611,739","11","10.8 to 11.2"
"2016","09000","Connecticut","3469517","342171","330,966 to 353,376","9.9","9.6 to 10.2"
"2016","10000","Delaware","926860","109592","104,742 to 114,442","11.8","11.3 to 12.3"
"2016","11000","District of Columbia","647652","119778","113,591 to 125,965","18.5","17.5 to 19.5"
"2016","12000","Florida","20191307","2986237","2,947,397 to 3,025,077","14.8","14.6 to 15.0"
"2016","13000","Georgia","10040187","1612368","1,586,263 to 1,638,473","16.1","15.8 to 16.4"
"2016","15000","Hawaii","1389436","132597","125,573 to 139,621","9.5","9.0 to 10.0"
"2016","16000","Idaho","1652583","228037","218,768 to 237,306","13.8","13.2 to 14.4"
"2016","17000","Illinois","12502043","1620974","1,595,624 to 1,646,324","13","12.8 to 13.2"
"2016","18000","Indiana","6432851","899168","881,690 to 916,646","14","13.7 to 14.3"
"2016","19000","Iowa","3031272","354429","345,224 to 363,634","11.7","11.4 to 12.0"
"2016","20000","Kansas","2825887","343773","333,475 to 354,071","12.2","11.8 to 12.6"
"2016","21000","Kentucky","4298981","782779","766,290 to 799,268","18.2","17.8 to 18.6"
"2016","22000","Louisiana","4546072","911970","893,612 to 930,328","20.1","19.7 to 20.5"
"2016","23000","Maine","1295968","159523","153,218 to 165,828","12.3","11.8 to 12.8"
"2016","24000","Maryland","5874987","572786","559,536 to 586,036","9.7","9.5 to 9.9"
"2016","25000","Massachusetts","6574253","688366","672,883 to 703,849","10.5","10.3 to 10.7"
"2016","26000","Michigan","9702326","1449683","1,430,043 to 1,469,323","14.9","14.7 to 15.1"
"2016","27000","Minnesota","5396370","531789","519,414 to 544,164","9.9","9.7 to 10.1"
"2016","28000","Mississippi","2892926","606873","592,527 to 621,219","21","20.5 to 21.5"
"2016","29000","Missouri","5911099","826358","809,923 to 842,793","14","13.7 to 14.3"
"2016","30000","Montana","1018115","136439","130,979 to 141,899","13.4","12.9 to 13.9"
"2016","31000","Nebraska","1851082","208864","201,705 to 216,023","11.3","10.9 to 11.7"
"2016","32000","Nevada","2896890","407308","394,452 to 420,164","14.1","13.7 to 14.5"
"2016","33000","New Hampshire","1292241","97753","92,007 to 103,499","7.6","7.2 to 8.0"
"2016","34000","New Jersey","8769466","915390","895,106 to 935,674","10.4","10.2 to 10.6"
"2016","35000","New Mexico","2039432","390461","380,077 to 400,845","19.1","18.6 to 19.6"
"2016","36000","New York","19230203","2843954","2,812,221 to 2,875,687","14.8","14.6 to 15.0"
"2016","37000","North Carolina","9885985","1523034","1,498,821 to 1,547,247","15.4","15.2 to 15.6"
"2016","38000","North Dakota","731713","76951","72,578 to 81,324","10.5","9.9 to 11.1"
"2016","39000","Ohio","11287358","1639636","1,614,177 to 1,665,095","14.5","14.3 to 14.7"
"2016","40000","Oklahoma","3809426","615050","603,867 to 626,233","16.1","15.8 to 16.4"
"2016","41000","Oregon","4016515","538169","524,488 to 551,850","13.4","13.1 to 13.7"
"2016","42000","Pennsylvania","12368248","1589584","1,565,866 to 1,613,302","12.9","12.7 to 13.1"
"2016","44000","Rhode Island","1015893","134683","128,893 to 140,473","13.3","12.7 to 13.9"
"2016","45000","South Carolina","4820435","739574","723,077 to 756,071","15.3","15.0 to 15.6"
"2016","46000","South Dakota","837301","107953","103,265 to 112,641","12.9","12.3 to 13.5"
"2016","47000","Tennessee","6489044","1023825","1,005,630 to 1,042,020","15.8","15.5 to 16.1"
"2016","48000","Texas","27236431","4261291","4,214,422 to 4,308,160","15.6","15.4 to 15.8"
"2016","49000","Utah","3004151","307270","295,740 to 318,800","10.2","9.8 to 10.6"
"2016","50000","Vermont","600079","67825","64,114 to 71,536","11.3","10.7 to 11.9"
"2016","51000","Virginia","8158203","897244","877,329 to 917,159","11","10.8 to 11.2"
"2016","53000","Washington","7156291","808582","791,428 to 825,736","11.3","11.1 to 11.5"
"2016","54000","West Virginia","1779953","318368","309,231 to 327,505","17.9","17.4 to 18.4"
"2016","55000","Wisconsin","5628526","661465","647,308 to 675,622","11.8","11.5 to 12.1"
"2016","56000","Wyoming","571196","62416","58,628 to 66,204","10.9","10.2 to 11.6"
"2017","00000","United States","317741588","42583651","42,342,619 to 42,824,683","13.4","13.3 to 13.5"
"2017","01000","Alabama","4752519","802263","784,517 to 820,009","16.9","16.5 to 17.3"
"2017","02000","Alaska","720474","79428","75,273 to 83,583","11","10.4 to 11.6"
"2017","04000","Arizona","6856072","1023337","1,002,773 to 1,043,901","14.9","14.6 to 15.2"
"2017","05000","Arkansas","2916343","475883","463,966 to 487,800","16.3","15.9 to 16.7"
"2017","06000","California","38793030","5164169","5,111,205 to 5,217,133","13.3","13.2 to 13.4"
"2017","08000","Colorado","5483100","566118","552,126 to 580,110","10.3","10.0 to 10.6"
"2017","09000","Connecticut","3482563","338651","326,360 to 350,942","9.7","9.3 to 10.1"
"2017","10000","Delaware","934947","121592","116,181 to 127,003","13","12.4 to 13.6"
"2017","11000","District of Columbia","660640","109502","104,105 to 114,899","16.6","15.8 to 17.4"
"2017","12000","Florida","20569893","2901876","2,860,804 to 2,942,948","14.1","13.9 to 14.3"
"2017","13000","Georgia","10154766","1536069","1,503,877 to 1,568,261","15.1","14.8 to 15.4"
"2017","15000","Hawaii","1388545","132201","126,481 to 137,921","9.5","9.1 to 9.9"
"2017","16000","Idaho","1686488","211937","203,631 to 220,243","12.6","12.1 to 13.1"
"2017","17000","Illinois","12503704","1568670","1,543,257 to 1,594,083","12.5","12.3 to 12.7"
"2017","18000","Indiana","6463664","860753","841,903 to 879,603","13.3","13.0 to 13.6"
"2017","19000","Iowa","3044666","328629","319,716 to 337,542","10.8","10.5 to 11.1"
"2017","20000","Kansas","2827374","335371","325,420 to 345,322","11.9","11.5 to 12.3"
"2017","21000","Kentucky","4317001","738563","723,378 to 753,748","17.1","16.7 to 17.5"
"2017","22000","Louisiana","4553048","893827","875,670 to 911,984","19.6","19.2 to 20.0"
"2017","23000","Maine","1301241","147413","141,958 to 152,868","11.3","10.9 to 11.7"
"2017","24000","Maryland","5915309","556549","541,127 to 571,971","9.4","9.1 to 9.7"
"2017","25000","Massachusetts","6622457","692943","675,076 to 710,810","10.5","10.2 to 10.8"
"2017","26000","Michigan","9730194","1373358","1,351,618 to 1,395,098","14.1","13.9 to 14.3"
"2017","27000","Minnesota","5450571","517348","505,806 to 528,890","9.5","9.3 to 9.7"
"2017","28000","Mississippi","2889837","573717","561,749 to 585,685","19.9","19.5 to 20.3"
"2017","29000","Missouri","5928578","793001","776,721 to 809,281","13.4","13.1 to 13.7"
"2017","30000","Montana","1024535","130616","125,024 to 136,208","12.7","12.2 to 13.2"
"2017","31000","Nebraska","1865022","198984","191,439 to 206,529","10.7","10.3 to 11.1"
"2017","32000","Nevada","2954259","392857","379,792 to 405,922","13.3","12.9 to 13.7"
"2017","33000","New Hampshire","1298883","100550","95,275 to 105,825","7.7","7.3 to 8.1"
"2017","34000","New Jersey","8831188","882132","862,408 to 901,856","10","9.8 to 10.2"
"2017","35000","New Mexico","2044204","388790","378,032 to 399,548","19","18.5 to 19.5"
"2017","36000","New York","19337642","2735578","2,700,018 to 2,771,138","14.1","13.9 to 14.3"
"2017","37000","North Carolina","10009026","1468032","1,442,873 to 1,493,191","14.7","14.4 to 15.0"
"2017","38000","North Dakota","729303","74057","70,249 to 77,865","10.2","9.7 to 10.7"
"2017","39000","Ohio","11330717","1575401","1,551,281 to 1,599,521","13.9","13.7 to 14.1"
"2017","40000","Oklahoma","3815034","600911","589,591 to 612,231","15.8","15.5 to 16.1"
"2017","41000","Oregon","4064453","534846","521,125 to 548,567","13.2","12.9 to 13.5"
"2017","42000","Pennsylvania","12398116","1548557","1,524,709 to 1,572,405","12.5","12.3 to 12.7"
"2017","44000","Rhode Island","1018560","125208","118,956 to 131,460","12.3","11.7 to 12.9"
"2017","45000","South Carolina","4882684","750359","735,356 to 765,362","15.4","15.1 to 15.7"
"2017","46000","South Dakota","838947","107522","103,234 to 111,810","12.8","12.3 to 13.3"
"2017","47000","Tennessee","6555396","980394","961,862 to 998,926","15","14.7 to 15.3"
"2017","48000","Texas","27676374","4080377","4,036,102 to 4,124,652","14.7","14.5 to 14.9"
"2017","49000","Utah","3052627","296138","284,801 to 307,475","9.7","9.3 to 10.1"
"2017","50000","Vermont","599875","65068","61,032 to 69,104","10.8","10.1 to 11.5"
"2017","51000","Virginia","8221001","876438","856,763 to 896,113","10.7","10.5 to 10.9"
"2017","53000","Washington","7273730","799675","781,803 to 817,547","11","10.8 to 11.2"
"2017","54000","West Virginia","1762557","326502","316,875 to 336,129","18.5","18.0 to 19.0"
"2017","55000","Wisconsin","5645158","640174","627,066 to 653,282","11.3","11.1 to 11.5"
"2017","56000","Wyoming","565272","61319","57,678 to 64,960","10.8","10.2 to 11.4"
"2018","00000","United States","319184033","41852315","41,619,366 to 42,085,264","13.1","13.0 to 13.2"
"2018","01000","Alabama","4763811","801758","785,668 to 817,848","16.8","16.5 to 17.1"
"2018","02000","Alaska","720866","80224","76,253 to 84,195","11.1","10.5 to 11.7"
"2018","04000","Arizona","7013461","990291","970,614 to 1,009,968","14.1","13.8 to 14.4"
"2018","05000","Arkansas","2925473","492306","478,253 to 506,359","16.8","16.3 to 17.3"
"2018","06000","California","38818530","4972955","4,927,111 to 5,018,799","12.8","12.7 to 12.9"
"2018","08000","Colorado","5577050","540579","526,780 to 554,378","9.7","9.5 to 9.9"
"2018","09000","Connecticut","3468263","358519","347,713 to 369,325","10.3","10.0 to 10.6"
"2018","10000","Delaware","940779","114691","108,944 to 120,438","12.2","11.6 to 12.8"
"2018","11000","District of Columbia","669029","107806","101,833 to 113,779","16.1","15.2 to 17.0"
"2018","12000","Florida","20882673","2854438","2,815,667 to 2,893,209","13.7","13.5 to 13.9"
"2018","13000","Georgia","10238647","1484439","1,458,654 to 1,510,224","14.5","14.2 to 14.8"
"2018","15000","Hawaii","1382453","124400","118,134 to 130,666","9","8.5 to 9.5"
"2018","16000","Idaho","1723134","201804","194,060 to 209,548","11.7","11.3 to 12.1"
"2018","17000","Illinois","12447296","1509348","1,485,972 to 1,532,724","12.1","11.9 to 12.3"
"2018","18000","Indiana","6489270","844165","826,659 to 861,671","13","12.7 to 13.3"
"2018","19000","Iowa","3055988","342574","332,902 to 352,246","11.2","10.9 to 11.5"
"2018","20000","Kansas","2825674","336892","326,660 to 347,124","11.9","11.5 to 12.3"
"2018","21000","Kentucky","4326301","723053","707,601 to 738,505","16.7","16.3 to 17.1"
"2018","22000","Louisiana","4529047","848005","830,136 to 865,874","18.7","18.3 to 19.1"
"2018","23000","Maine","1301882","151458","145,939 to 156,977","11.6","11.2 to 12.0"
"2018","24000","Maryland","5899814","538824","523,341 to 554,307","9.1","8.8 to 9.4"
"2018","25000","Massachusetts","6665106","668402","652,693 to 684,111","10","9.8 to 10.2"
"2018","26000","Michigan","9774136","1369235","1,349,291 to 1,389,179","14","13.8 to 14.2"
"2018","27000","Minnesota","5488353","527445","514,989 to 539,901","9.6","9.4 to 9.8"
"2018","28000","Mississippi","2886375","571402","557,711 to 585,093","19.8","19.3 to 20.3"
"2018","29000","Missouri","5943697","785343","769,878 to 800,808","13.2","12.9 to 13.5"
"2018","30000","Montana","1037468","134185","128,732 to 139,638","12.9","12.4 to 13.4"
"2018","31000","Nebraska","1875315","205393","198,766 to 212,020","11","10.6 to 11.4"
"2018","32000","Nevada","2991991","391347","380,868 to 401,826","13.1","12.7 to 13.5"
"2018","33000","New Hampshire","1312009","100076","95,577 to 104,575","7.6","7.3 to 7.9"
"2018","34000","New Jersey","8739317","831386","812,117 to 850,655","9.5","9.3 to 9.7"
"2018","35000","New Mexico","2051723","386739","375,921 to 397,557","18.8","18.3 to 19.3"
"2018","36000","New York","19037616","2603303","2,569,152 to 2,637,454","13.7","13.5 to 13.9"
"2018","37000","North Carolina","10100381","1422154","1,396,634 to 1,447,674","14.1","13.8 to 14.4"
"2018","38000","North Dakota","736622","77959","73,677 to 82,241","10.6","10.0 to 11.2"
"2018","39000","Ohio","11362293","1568586","1,542,309 to 1,594,863","13.8","13.6 to 14.0"
"2018","40000","Oklahoma","3825031","593936","581,499 to 606,373","15.5","15.2 to 15.8"
"2018","41000","Oregon","4113121","516014","501,947 to 530,081","12.5","12.2 to 12.8"
"2018","42000","Pennsylvania","12393999","1517936","1,494,550 to 1,541,322","12.2","12.0 to 12.4"
"2018","44000","Rhode Island","1016444","130538","124,551 to 136,525","12.8","12.2 to 13.4"
"2018","45000","South Carolina","4944734","750582","733,961 to 767,203","15.2","14.9 to 15.5"
"2018","46000","South Dakota","852354","109814","105,334 to 114,294","12.9","12.4 to 13.4"
"2018","47000","Tennessee","6603092","1003055","982,886 to 1,023,224","15.2","14.9 to 15.5"
"2018","48000","Texas","28074669","4181623","4,132,580 to 4,230,666","14.9","14.7 to 15.1"
"2018","49000","Utah","3110946","283562","272,328 to 294,796","9.1","8.7 to 9.5"
"2018","50000","Vermont","601250","64431","60,844 to 68,018","10.7","10.1 to 11.3"
"2018","51000","Virginia","8264098","884898","865,159 to 904,637","10.7","10.5 to 10.9"
"2018","53000","Washington","7400548","761941","745,531 to 778,351","10.3","10.1 to 10.5"
"2018","54000","West Virginia","1753457","305656","296,233 to 315,079","17.4","16.9 to 17.9"
"2018","55000","Wisconsin","5665101","626748","613,179 to 640,317","11.1","10.9 to 11.3"
"2018","56000","Wyoming","563345","60097","56,071 to 64,123","10.7","10.0 to 11.4"
"2019","00000","United States","320118791","39490096","39,248,096 to 39,732,096","12.3","12.2 to 12.4"
"2019","01000","Alabama","4781642","747478","730,491 to 764,465","15.6","15.2 to 16.0"
"2019","02000","Alaska","713733","73033","68,640 to 77,426","10.2","9.6 to 10.8"
"2019","04000","Arizona","7116300","963007","940,142 to 985,872","13.5","13.2 to 13.8"
"2019","05000","Arkansas","2929084","468575","456,478 to 480,672","16","15.6 to 16.4"
"2019","06000","California","38733501","4560419","4,509,811 to 4,611,027","11.8","11.7 to 11.9"
"2019","08000","Colorado","5637873","531331","516,240 to 546,422","9.4","9.1 to 9.7"
"2019","09000","Connecticut","3460456","343101","331,999 to 354,203","9.9","9.6 to 10.2"
"2019","10000","Delaware","944966","106227","100,509 to 111,945","11.2","10.6 to 11.8"
"2019","11000","District of Columbia","673036","94985","88,692 to 101,278","14.1","13.2 to 15.0"
"2019","12000","Florida","21048962","2681832","2,641,009 to 2,722,655","12.7","12.5 to 12.9"
"2019","13000","Georgia","10332525","1397607","1,370,705 to 1,424,509","13.5","13.2 to 13.8"
"2019","15000","Hawaii","1379102","124650","118,029 to 131,271","9","8.5 to 9.5"
"2019","16000","Idaho","1753971","193741","185,524 to 201,958","11","10.5 to 11.5"
"2019","17000","Illinois","12373216","1415838","1,390,337 to 1,441,339","11.4","11.2 to 11.6"
"2019","18000","Indiana","6517459","773367","755,582 to 791,152","11.9","11.6 to 12.2"
"2019","19000","Iowa","3058870","337156","325,533 to 348,779","11","10.6 to 11.4"
"2019","20000","Kansas","2826822","319931","310,230 to 329,632","11.3","11.0 to 11.6"
"2019","21000","Kentucky","4326724","692875","677,588 to 708,162","16","15.6 to 16.4"
"2019","22000","Louisiana","4515814","847739","829,070 to 866,408","18.8","18.4 to 19.2"
"2019","23000","Maine","1304034","141566","135,542 to 147,590","10.9","10.4 to 11.4"
"2019","24000","Maryland","5898341","537717","523,164 to 552,270","9.1","8.9 to 9.3"
"2019","25000","Massachusetts","6656444","631551","615,762 to 647,340","9.5","9.3 to 9.7"
"2019","26000","Michigan","9772164","1264445","1,242,287 to 1,286,603","12.9","12.7 to 13.1"
"2019","27000","Minnesota","5515424","491782","479,460 to 504,104","8.9","8.7 to 9.1"
"2019","28000","Mississippi","2877841","559764","544,709 to 574,819","19.5","19.0 to 20.0"
"2019","29000","Missouri","5953071","766238","749,437 to 783,039","12.9","12.6 to 13.2"
"2019","30000","Montana","1042643","130974","125,732 to 136,216","12.6","12.1 to 13.1"
"2019","31000","Nebraska","1877617","186402","179,202 to 193,602","9.9","9.5 to 10.3"
"2019","32000","Nevada","3037189","384900","371,882 to 397,918","12.7","12.3 to 13.1"
"2019","33000","New Hampshire","1316508","98310","92,374 to 104,246","7.5","7.0 to 8.0"
"2019","34000","New Jersey","8712974","795676","775,971 to 815,381","9.1","8.9 to 9.3"
"2019","35000","New Mexico","2053271","358526","348,384 to 368,668","17.5","17.0 to 18.0"
"2019","36000","New York","18932422","2471760","2,439,327 to 2,504,193","13.1","12.9 to 13.3"
"2019","37000","North Carolina","10199132","1383760","1,358,983 to 1,408,537","13.6","13.4 to 13.8"
"2019","38000","North Dakota","738766","77327","72,958 to 81,696","10.5","9.9 to 11.1"
"2019","39000","Ohio","11362381","1474285","1,449,452 to 1,499,118","13","12.8 to 13.2"
"2019","40000","Oklahoma","3841758","578631","567,495 to 589,767","15.1","14.8 to 15.4"
"2019","41000","Oregon","4136485","474302","461,869 to 486,735","11.5","11.2 to 11.8"
"2019","42000","Pennsylvania","12387186","1481193","1,453,602 to 1,508,784","12","11.8 to 12.2"
"2019","44000","Rhode Island","1018596","118095","112,012 to 124,178","11.6","11.0 to 12.2"
"2019","45000","South Carolina","5003261","695259","677,534 to 712,984","13.9","13.5 to 14.3"
"2019","46000","South Dakota","854605","101371","96,713 to 106,029","11.9","11.4 to 12.4"
"2019","47000","Tennessee","6656446","919850","901,358 to 938,342","13.8","13.5 to 14.1"
"2019","48000","Texas","28361496","3870944","3,820,568 to 3,921,320","13.6","13.4 to 13.8"
"2019","49000","Utah","3157998","279435","268,423 to 290,447","8.8","8.5 to 9.1"
"2019","50000","Vermont","599036","60624","57,229 to 64,019","10.1","9.5 to 10.7"
"2019","51000","Virginia","8279326","822944","805,003 to 840,885","9.9","9.7 to 10.1"
"2019","53000","Washington","7470209","731216","712,292 to 750,140","9.8","9.5 to 10.1"
"2019","54000","West Virginia","1739027","281175","271,926 to 290,424","16.2","15.7 to 16.7"
"2019","55000","Wisconsin","5675545","591404","578,030 to 604,778","10.4","10.2 to 10.6"
"2019","56000","Wyoming","563539","55776","51,997 to 59,555","9.9","9.2 to 10.6"
"2020","00000","United States","321478113","38371394","38,309,115 to 38,433,673","11.9","11.9 to 11.9"
"2020","01000","Alabama","4799999","714568","695,249 to 733,887","14.9","14.5 to 15.3"
"2020","02000","Alaska","713257","68714","64,952 to 72,476","9.6","9.1 to 10.1"
"2020","04000","Arizona","7259760","932555","904,127 to 960,983","12.8","12.4 to 13.2"
"2020","05000","Arkansas","2944601","448665","434,898 to 462,432","15.2","14.7 to 15.7"
"2020","06000","California","38585897","4419167","4,357,445 to 4,480,889","11.5","11.3 to 11.7"
"2020","08000","Colorado","5685697","511346","494,184 to 528,508","9","8.7 to 9.3"
"2020","09000","Connecticut","3454806","333435","320,574 to 346,296","9.7","9.3 to 10.1"
"2020","10000","Delaware","961236","104400","98,380 to 110,420","10.9","10.3 to 11.5"
"2020","11000","District of Columbia","680439","101959","95,326 to 108,592","15","14.0 to 16.0"
"2020","12000","Florida","21304139","2642642","2,588,357 to 2,696,927","12.4","12.1 to 12.7"
"2020","13000","Georgia","10432381","1465328","1,428,552 to 1,502,104","14","13.6 to 14.4"
"2020","15000","Hawaii","1366396","121182","113,902 to 128,462","8.9","8.4 to 9.4"
"2020","16000","Idaho","1793925","181197","172,754 to 189,640","10.1","9.6 to 10.6"
"2020","17000","Illinois","12284107","1351159","1,323,764 to 1,378,554","11","10.8 to 11.2"
"2020","18000","Indiana","6554301","760167","739,176 to 781,158","11.6","11.3 to 11.9"
"2020","19000","Iowa","3066586","313752","302,206 to 325,298","10.2","9.8 to 10.6"
"2020","20000","Kansas","2827805","300931","289,562 to 312,300","10.6","10.2 to 11.0"
"2020","21000","Kentucky","4338777","647158","631,476 to 662,840","14.9","14.5 to 15.3"
"2020","22000","Louisiana","4511309","802040","780,192 to 823,888","17.8","17.3 to 18.3"
"2020","23000","Maine","1313116","139614","132,648 to 146,580","10.6","10.1 to 11.1"
"2020","24000","Maryland","5909269","533561","514,876 to 552,246","9","8.7 to 9.3"
"2020","25000","Massachusetts","6658077","628899","609,988 to 647,810","9.4","9.1 to 9.7"
"2020","26000","Michigan","9758289","1232948","1,207,303 to 1,258,593","12.6","12.3 to 12.9"
"2020","27000","Minnesota","5536416","458302","443,110 to 473,494","8.3","8.0 to 8.6"
"2020","28000","Mississippi","2869499","536535","521,304 to 551,766","18.7","18.2 to 19.2"
"2020","29000","Missouri","5979186","725117","705,722 to 744,512","12.1","11.8 to 12.4"
"2020","30000","Montana","1057027","130711","124,938 to 136,484","12.4","11.9 to 12.9"
"2020","31000","Nebraska","1884816","172623","164,510 to 180,736","9.2","8.8 to 9.6"
"2020","32000","Nevada","3096847","386817","371,521 to 402,113","12.5","12.0 to 13.0"
"2020","33000","New Hampshire","1325241","92404","86,124 to 98,684","7","6.5 to 7.5"
"2020","34000","New Jersey","8708051","818389","792,516 to 844,262","9.4","9.1 to 9.7"
"2020","35000","New Mexico","2061540","346455","333,987 to 358,923","16.8","16.2 to 17.4"
"2020","36000","New York","18840599","2401141","2,360,458 to 2,441,824","12.7","12.5 to 12.9"
"2020","37000","North Carolina","10308695","1329685","1,298,231 to 1,361,139","12.9","12.6 to 13.2"
"2020","38000","North Dakota","742259","75781","70,920 to 80,642","10.2","9.5 to 10.9"
"2020","39000","Ohio","11369464","1428219","1,398,807 to 1,457,631","12.6","12.3 to 12.9"
"2020","40000","Oklahoma","3866001","552168","537,720 to 566,616","14.3","13.9 to 14.7"
"2020","41000","Oregon","4162925","457940","442,247 to 473,633","11","10.6 to 11.4"
"2020","42000","Pennsylvania","12382206","1345976","1,318,808 to 1,373,144","10.9","10.7 to 11.1"
"2020","44000","Rhode Island","1017632","108306","102,273 to 114,339","10.6","10.0 to 11.2"
"2020","45000","South Carolina","5085371","703004","681,646 to 724,362","13.8","13.4 to 14.2"
"2020","46000","South Dakota","864271","99903","95,310 to 104,496","11.6","11.1 to 12.1"
"2020","47000","Tennessee","6715345","911097","887,430 to 934,764","13.6","13.2 to 14.0"
"2020","48000","Texas","28725933","3862713","3,792,930 to 3,932,496","13.4","13.2 to 13.6"
"2020","49000","Utah","3200001","234666","223,042 to 246,290","7.3","6.9 to 7.7"
"2020","50000","Vermont","598881","56281","52,822 to 59,740","9.4","8.8 to 10.0"
"2020","51000","Virginia","8336520","769479","747,641 to 791,317","9.2","8.9 to 9.5"
"2020","53000","Washington","7547558","714653","692,072 to 737,234","9.5","9.2 to 9.8"
"2020","54000","West Virginia","1734091","274176","264,703 to 283,649","15.8","15.3 to 16.3"
"2020","55000","Wisconsin","5689268","571049","554,353 to 587,745","10","9.7 to 10.3"
"2020","56000","Wyoming","568302","52418","49,007 to 55,829","9.2","8.6 to 9.8"
"2021","00000","United States","324173084","41393176","41,149,497 to 41,636,855","12.8","12.7 to 12.9"
"2021","01000","Alabama","4920612","800848","782,169 to 819,527","16.3","15.9 to 16.7"
"2021","02000","Alaska","716775","77736","74,178 to 81,294","10.8","10.3 to 11.3"
"2021","04000","Arizona","7126989","919680","900,349 to 939,011","12.9","12.6 to 13.2"
"2021","05000","Arkansas","2944309","471195","458,260 to 484,130","16","15.6 to 16.4"
"2021","06000","California","38481991","4742405","4,689,999 to 4,794,811","12.3","12.2 to 12.4"
"2021","08000","Colorado","5696137","554126","540,035 to 568,217","9.7","9.5 to 9.9"
"2021","09000","Connecticut","3506220","355861","344,138 to 367,584","10.1","9.8 to 10.4"
"2021","10000","Delaware","978677","113026","107,766 to 118,286","11.5","11.0 to 12.0"
"2021","11000","District of Columbia","637501","107307","101,426 to 113,188","16.8","15.9 to 17.7"
"2021","12000","Florida","21368601","2830813","2,790,138 to 2,871,488","13.2","13.0 to 13.4"
"2021","13000","Georgia","10529513","1493837","1,463,589 to 1,524,085","14.2","13.9 to 14.5"
"2021","15000","Hawaii","1402376","152656","146,272 to 159,040","10.9","10.4 to 11.4"
"2021","16000","Idaho","1868388","202091","193,474 to 210,708","10.8","10.3 to 11.3"
"2021","17000","Illinois","12380609","1493042","1,465,135 to 1,520,949","12.1","11.9 to 12.3"
"2021","18000","Indiana","6608456","799733","782,428 to 817,038","12.1","11.8 to 12.4"
"2021","19000","Iowa","3100336","340626","329,373 to 351,879","11","10.6 to 11.4"
"2021","20000","Kansas","2854624","332457","322,234 to 342,680","11.6","11.2 to 12.0"
"2021","21000","Kentucky","4379840","712023","697,813 to 726,233","16.3","16.0 to 16.6"
"2021","22000","Louisiana","4501075","878477","859,106 to 897,848","19.5","19.1 to 19.9"
"2021","23000","Maine","1337984","149571","143,213 to 155,929","11.2","10.7 to 11.7"
"2021","24000","Maryland","6023828","620829","603,853 to 637,805","10.3","10.0 to 10.6"
"2021","25000","Massachusetts","6748444","701700","685,529 to 717,871","10.4","10.2 to 10.6"
"2021","26000","Michigan","9847416","1283086","1,261,685 to 1,304,487","13","12.8 to 13.2"
"2021","27000","Minnesota","5587068","519437","507,482 to 531,392","9.3","9.1 to 9.5"
"2021","28000","Mississippi","2861603","549710","536,691 to 562,729","19.2","18.7 to 19.7"
"2021","29000","Missouri","5999790","765097","748,927 to 781,267","12.8","12.5 to 13.1"
"2021","30000","Montana","1079862","129910","124,852 to 134,968","12","11.5 to 12.5"
"2021","31000","Nebraska","1914206","201627","194,607 to 208,647","10.5","10.1 to 10.9"
"2021","32000","Nevada","3103175","433095","420,882 to 445,308","14","13.6 to 14.4"
"2021","33000","New Hampshire","1348901","99562","94,623 to 104,501","7.4","7.0 to 7.8"
"2021","34000","New Jersey","9093123","925852","905,573 to 946,131","10.2","10.0 to 10.4"
"2021","35000","New Mexico","2076524","367050","354,401 to 379,699","17.7","17.1 to 18.3"
"2021","36000","New York","19329297","2703053","2,668,539 to 2,737,567","14","13.8 to 14.2"
"2021","37000","North Carolina","10285081","1383626","1,357,735 to 1,409,517","13.5","13.2 to 13.8"
"2021","38000","North Dakota","752003","82270","78,002 to 86,538","10.9","10.3 to 11.5"
"2021","39000","Ohio","11470529","1523366","1,498,525 to 1,548,207","13.3","13.1 to 13.5"
"2021","40000","Oklahoma","3877719","599003","587,366 to 610,640","15.4","15.1 to 15.7"
"2021","41000","Oregon","4166327","507504","493,784 to 521,224","12.2","11.9 to 12.5"
"2021","42000","Pennsylvania","12571409","1503929","1,480,307 to 1,527,551","12","11.8 to 12.2"
"2021","44000","Rhode Island","1052079","126971","121,343 to 132,599","12.1","11.6 to 12.6"
"2021","45000","South Carolina","5063096","736098","719,691 to 752,505","14.5","14.2 to 14.8"
"2021","46000","South Dakota","867044","103337","99,076 to 107,598","11.9","11.4 to 12.4"
"2021","47000","Tennessee","6811575","934856","915,693 to 954,019","13.7","13.4 to 14.0"
"2021","48000","Texas","28933557","4122799","4,067,445 to 4,178,153","14.2","14.0 to 14.4"
"2021","49000","Utah","3290435","286086","273,709 to 298,463","8.7","8.3 to 9.1"
"2021","50000","Vermont","621332","63208","59,860 to 66,556","10.2","9.7 to 10.7"
"2021","51000","Virginia","8401206","862792","843,622 to 881,962","10.3","10.1 to 10.5"
"2021","53000","Washington","7599990","755589","738,622 to 772,556","9.9","9.7 to 10.1"
"2021","54000","West Virginia","1734924","291051","282,054 to 300,048","16.8","16.3 to 17.3"
"2021","55000","Wisconsin","5754791","622948","610,655 to 635,241","10.8","10.6 to 11.0"
"2021","56000","Wyoming","565737","60226","56,527 to 63,925","10.6","9.9 to 11.3"